{
	"character_SSJG_0x01":  { "File": "SSJG.bmp", "Rect": "0,6,54,43", "Center": "30,29" },
	"character_SSJG_0x02":  { "File": "SSJG.bmp", "Rect": "57,7,55,42", "Center": "31,29" },
	"character_SSJG_0x03":  { "File": "SSJG.bmp", "Rect": "117,8,56,40", "Center": "30,28" },
	"character_SSJG_0x04":  { "File": "SSJG.bmp", "Rect": "175,7,58,41", "Center": "30,28" },
	"character_SSJG_0x05":  { "File": "SSJG.bmp", "Rect": "0,6,54,43", "Center": "30,29" },
	"character_SSJG_0x06":  { "File": "SSJG.bmp", "Rect": "57,7,54,42", "Center": "31,29" },
	"character_SSJG_0x07":  { "File": "SSJG.bmp", "Rect": "117,8,56,40", "Center": "30,28" },
	"character_SSJG_0x08":  { "File": "SSJG.bmp", "Rect": "175,7,58,41", "Center": "30,28" },
	"character_SSJG_0x09":  { "File": "SSJG.bmp", "Rect": "456,4,40,48", "Center": "21,19" },
	"character_SSJG_0x0a":  { "File": "SSJG.bmp", "Rect": "508,8,48,40", "Center": "20,14" },
	"character_SSJG_0x0b":  { "File": "SSJG.bmp", "Rect": "568,8,40,40", "Center": "19,21" },
	"character_SSJG_0x0c":  { "File": "SSJG.bmp", "Rect": "620,8,48,40", "Center": "20,19" },
	"character_SSJG_0x0d":  { "File": "SSJG.bmp", "Rect": "680,4,40,48", "Center": "20,18" },
	"character_SSJG_0x0e":  { "File": "SSJG.bmp", "Rect": "732,4,48,48", "Center": "21,20" },
	"character_SSJG_0x0f":  { "File": "SSJG.bmp", "Rect": "792,8,40,40", "Center": "22,17" },
	"character_SSJG_0x10":  { "File": "SSJG.bmp", "Rect": "848,8,40,40", "Center": "20,18" },
	"character_SSJG_0x11":  { "File": "SSJG.bmp", "Rect": "8,64,40,40", "Center": "20,19" },
	"character_SSJG_0x12":  { "File": "SSJG.bmp", "Rect": "64,64,40,40", "Center": "20,19" },
	"character_SSJG_0x13":  { "File": "SSJG.bmp", "Rect": "120,68,40,32", "Center": "20,11" },
	"character_SSJG_0x14":  { "File": "SSJG.bmp", "Rect": "176,68,40,32", "Center": "20,13" },
	"character_SSJG_0x15":  { "File": "SSJG.bmp", "Rect": "232,64,40,40", "Center": "20,21" },
	"character_SSJG_0x16":  { "File": "SSJG.bmp", "Rect": "288,64,40,40", "Center": "20,20" },
	"character_SSJG_0x17":  { "File": "SSJG.bmp", "Rect": "344,68,40,32", "Center": "20,11" },
	"character_SSJG_0x18":  { "File": "SSJG.bmp", "Rect": "400,68,40,32", "Center": "20,11" },
	"character_SSJG_0x19":  { "File": "SSJG.bmp", "Rect": "452,64,48,40", "Center": "18,17" },
	"character_SSJG_0x1a":  { "File": "SSJG.bmp", "Rect": "512,60,40,48", "Center": "16,25" },
	"character_SSJG_0x1b":  { "File": "SSJG.bmp", "Rect": "568,64,40,40", "Center": "19,17" },
	"character_SSJG_0x1c":  { "File": "SSJG.bmp", "Rect": "624,60,40,48", "Center": "16,25" },
	"character_SSJG_0x1d":  { "File": "SSJG.bmp", "Rect": "676,64,48,40", "Center": "17,18" },
	"character_SSJG_0x1e":  { "File": "SSJG.bmp", "Rect": "732,60,48,48", "Center": "17,24" },
	"character_SSJG_0x1f":  { "File": "SSJG.bmp", "Rect": "792,64,40,40", "Center": "18,18" },
	"character_SSJG_0x20":  { "File": "SSJG.bmp", "Rect": "848,64,40,40", "Center": "18,18" },
	"character_SSJG_0x21":  { "File": "SSJG.bmp", "Rect": "0,120,63,40", "Center": "35,28" },
	"character_SSJG_0x22":  { "File": "SSJG.bmp", "Rect": "64,118,63,41", "Center": "34,28" },
	"character_SSJG_0x23":  { "File": "SSJG.bmp", "Rect": "0,120,63,40", "Center": "35,28" },
	"character_SSJG_0x24":  { "File": "SSJG.bmp", "Rect": "64,118,63,41", "Center": "34,28" },
	"character_SSJG_0x25":  { "File": "SSJG.bmp", "Rect": "232,120,40,40", "Center": "19,17" },
	"character_SSJG_0x26":  { "File": "SSJG.bmp", "Rect": "292,120,32,40", "Center": "16,18" },
	"character_SSJG_0x27":  { "File": "SSJG.bmp", "Rect": "344,120,40,40", "Center": "19,17" },
	"character_SSJG_0x28":  { "File": "SSJG.bmp", "Rect": "404,120,32,40", "Center": "16,18" },
	"character_SSJG_0x29":  { "File": "SSJG.bmp", "Rect": "456,124,40,32", "Center": "20,16" },
	"character_SSJG_0x2a":  { "File": "SSJG.bmp", "Rect": "512,124,40,32", "Center": "20,16" },
	"character_SSJG_0x2b":  { "File": "SSJG.bmp", "Rect": "568,124,40,32", "Center": "20,16" },
	"character_SSJG_0x2c":  { "File": "SSJG.bmp", "Rect": "624,124,40,32", "Center": "20,16" },
	"character_SSJG_0x2d":  { "File": "SSJG.bmp", "Rect": "680,120,40,40", "Center": "18,22" },
	"character_SSJG_0x2e":  { "File": "SSJG.bmp", "Rect": "736,124,40,32", "Center": "19,17" },
	"character_SSJG_0x2f":  { "File": "SSJG.bmp", "Rect": "792,120,40,40", "Center": "18,22" },
	"character_SSJG_0x30":  { "File": "SSJG.bmp", "Rect": "848,124,40,32", "Center": "19,17" },
	"character_SSJG_0x31":  { "File": "SSJG.bmp", "Rect": "11,164,40,60", "Center": "18,32" },
	"character_SSJG_0x32":  { "File": "SSJG.bmp", "Rect": "65,166,44,56", "Center": "28,25" },
	"character_SSJG_0x33":  { "File": "SSJG.bmp", "Rect": "120,161,54,68", "Center": "21,32" },
	"character_SSJG_0x34":  { "File": "SSJG.bmp", "Rect": "179,174,59,49", "Center": "27,30" },
	"character_SSJG_0x35":  { "File": "SSJG.bmp", "Rect": "239,170,44,56", "Center": "24,24" },
	"character_SSJG_0x36":  { "File": "SSJG.bmp", "Rect": "291,177,44,36", "Center": "15,11" },
	"character_SSJG_0x37":  { "File": "SSJG.bmp", "Rect": "342,166,40,60", "Center": "22,28" },
	"character_SSJG_0x38":  { "File": "SSJG.bmp", "Rect": "399,167,44,58", "Center": "15,33" },
	"character_SSJG_0x39":  { "File": "SSJG.bmp", "Rect": "451,163,53,67", "Center": "32,34" },
	"character_SSJG_0x3a":  { "File": "SSJG.bmp", "Rect": "507,171,58,48", "Center": "31,18" },
	"character_SSJG_0x3b":  { "File": "SSJG.bmp", "Rect": "568,167,44,54", "Center": "20,30" },
	"character_SSJG_0x3c":  { "File": "SSJG.bmp", "Rect": "623,178,44,35", "Center": "29,26" },
	"character_SSJG_0x3d":  { "File": "SSJG.bmp", "Rect": "11,164,40,60", "Center": "18,32" },
	"character_SSJG_0x3e":  { "File": "SSJG.bmp", "Rect": "65,166,44,56", "Center": "28,25" },
	"character_SSJG_0x3f":  { "File": "SSJG.bmp", "Rect": "120,161,54,68", "Center": "21,32" },
	"character_SSJG_0x40":  { "File": "SSJG.bmp", "Rect": "179,174,59,49", "Center": "27,30" },
	"character_SSJG_0x41":  { "File": "SSJG.bmp", "Rect": "239,170,44,56", "Center": "24,24" },
	"character_SSJG_0x42":  { "File": "SSJG.bmp", "Rect": "291,177,44,37", "Center": "15,11" },
	"character_SSJG_0x43":  { "File": "SSJG.bmp", "Rect": "342,166,40,60", "Center": "22,28" },
	"character_SSJG_0x44":  { "File": "SSJG.bmp", "Rect": "399,167,44,58", "Center": "15,33" },
	"character_SSJG_0x45":  { "File": "SSJG.bmp", "Rect": "451,163,53,67", "Center": "32,34" },
	"character_SSJG_0x46":  { "File": "SSJG.bmp", "Rect": "507,171,58,48", "Center": "31,18" },
	"character_SSJG_0x47":  { "File": "SSJG.bmp", "Rect": "568,167,44,54", "Center": "20,30" },
	"character_SSJG_0x48":  { "File": "SSJG.bmp", "Rect": "623,178,44,35", "Center": "29,26" },
	"character_SSJG_0x49":  { "File": "SSJG.bmp", "Rect": "570,714,43,65", "Center": "22,41" },
	"character_SSJG_0x4a":  { "File": "SSJG.bmp", "Rect": "739,444,43,65", "Center": "22,41" },
	"character_SSJG_0x4b":  { "File": "SSJG.bmp", "Rect": "570,714,43,66", "Center": "22,41" },
	"character_SSJG_0x4c":  { "File": "SSJG.bmp", "Rect": "739,444,43,65", "Center": "22,41" },
	"character_SSJG_0x4d":  { "File": "SSJG.bmp", "Rect": "570,714,43,65", "Center": "22,41" },
	"character_SSJG_0x4e":  { "File": "SSJG.bmp", "Rect": "739,444,43,65", "Center": "22,41" },
	"character_SSJG_0x4f":  { "File": "SSJG.bmp", "Rect": "570,714,43,66", "Center": "22,41" },
	"character_SSJG_0x50":  { "File": "SSJG.bmp", "Rect": "739,444,43,65", "Center": "22,41" },
	"character_SSJG_0x51":  { "File": "SSJG.bmp", "Rect": "570,714,43,66", "Center": "22,41" },
	"character_SSJG_0x52":  { "File": "SSJG.bmp", "Rect": "739,444,43,65", "Center": "22,41" },
	"character_SSJG_0x53":  { "File": "SSJG.bmp", "Rect": "570,714,43,66", "Center": "22,41" },
	"character_SSJG_0x54":  { "File": "SSJG.bmp", "Rect": "739,444,43,65", "Center": "22,41" },
	"character_SSJG_0x55":  { "File": "SSJG.bmp", "Rect": "347,274,36,68", "Center": "20,46" },
	"character_SSJG_0x56":  { "File": "SSJG.bmp", "Rect": "347,274,36,68", "Center": "20,46" },
	"character_SSJG_0x57":  { "File": "SSJG.bmp", "Rect": "347,274,36,68", "Center": "20,46" },
	"character_SSJG_0x58":  { "File": "SSJG.bmp", "Rect": "400,274,42,68", "Center": "20,47" },
	"character_SSJG_0x59":  { "File": "SSJG.bmp", "Rect": "460,278,32,61", "Center": "17,41" },
	"character_SSJG_0x5a":  { "File": "SSJG.bmp", "Rect": "460,278,32,61", "Center": "17,41" },
	"character_SSJG_0x5b":  { "File": "SSJG.bmp", "Rect": "460,278,32,61", "Center": "17,41" },
	"character_SSJG_0x5c":  { "File": "SSJG.bmp", "Rect": "604,288,68,41", "Center": "28,18" },
	"character_SSJG_0x5d":  { "File": "SSJG.bmp", "Rect": "680,296,40,24", "Center": "21,12" },
	"character_SSJG_0x5e":  { "File": "SSJG.bmp", "Rect": "736,296,40,24", "Center": "18,13" },
	"character_SSJG_0x5f":  { "File": "SSJG.bmp", "Rect": "781,288,68,41", "Center": "40,23" },
	"character_SSJG_0x60":  { "File": "SSJG.bmp", "Rect": "853,296,37,24", "Center": "18,12" },
	"character_SSJG_0x61":  { "File": "SSJG.bmp", "Rect": "8,352,40,24", "Center": "20,12" },
	"character_SSJG_0x62":  { "File": "SSJG.bmp", "Rect": "556,554,59,55", "Center": "31,39" },
	"character_SSJG_0x63":  { "File": "SSJG.bmp", "Rect": "118,329,41,69", "Center": "24,30" },
	"character_SSJG_0x64":  { "File": "SSJG.bmp", "Rect": "185,341,23,40", "Center": "12,21" },
	"character_SSJG_0x65":  { "File": "SSJG.bmp", "Rect": "240,344,24,40", "Center": "12,18" },
	"character_SSJG_0x66":  { "File": "SSJG.bmp", "Rect": "289,332,41,68", "Center": "16,40" },
	"character_SSJG_0x67":  { "File": "SSJG.bmp", "Rect": "353,345,23,42", "Center": "12,20" },
	"character_SSJG_0x68":  { "File": "SSJG.bmp", "Rect": "408,344,24,40", "Center": "11,19" },
	"character_SSJG_0x69":  { "File": "SSJG.bmp", "Rect": "11,164,40,60", "Center": "18,32" },
	"character_SSJG_0x6a":  { "File": "SSJG.bmp", "Rect": "65,166,44,56", "Center": "28,25" },
	"character_SSJG_0x6b":  { "File": "SSJG.bmp", "Rect": "120,161,54,68", "Center": "21,32" },
	"character_SSJG_0x6c":  { "File": "SSJG.bmp", "Rect": "179,174,59,49", "Center": "27,30" },
	"character_SSJG_0x6d":  { "File": "SSJG.bmp", "Rect": "239,170,44,56", "Center": "24,24" },
	"character_SSJG_0x6e":  { "File": "SSJG.bmp", "Rect": "291,177,44,40", "Center": "15,11" },
	"character_SSJG_0x6f":  { "File": "SSJG.bmp", "Rect": "342,166,40,60", "Center": "22,28" },
	"character_SSJG_0x70":  { "File": "SSJG.bmp", "Rect": "399,167,44,58", "Center": "15,33" },
	"character_SSJG_0x71":  { "File": "SSJG.bmp", "Rect": "451,163,53,67", "Center": "32,34" },
	"character_SSJG_0x72":  { "File": "SSJG.bmp", "Rect": "507,171,58,48", "Center": "31,18" },
	"character_SSJG_0x73":  { "File": "SSJG.bmp", "Rect": "568,167,44,54", "Center": "20,30" },
	"character_SSJG_0x74":  { "File": "SSJG.bmp", "Rect": "623,178,44,36", "Center": "29,26" },
	"character_SSJG_0x75":  { "File": "SSJG.bmp", "Rect": "11,164,40,60", "Center": "18,32" },
	"character_SSJG_0x76":  { "File": "SSJG.bmp", "Rect": "65,166,44,56", "Center": "28,25" },
	"character_SSJG_0x77":  { "File": "SSJG.bmp", "Rect": "65,166,44,56", "Center": "28,25" },
	"character_SSJG_0x78":  { "File": "SSJG.bmp", "Rect": "400,387,40,67", "Center": "29,21" },
	"character_SSJG_0x79":  { "File": "SSJG.bmp", "Rect": "452,400,48,40", "Center": "31,26" },
	"character_SSJG_0x7a":  { "File": "SSJG.bmp", "Rect": "508,400,48,40", "Center": "26,23" },
	"character_SSJG_0x7b":  { "File": "SSJG.bmp", "Rect": "568,396,40,48", "Center": "27,18" },
	"character_SSJG_0x7c":  { "File": "SSJG.bmp", "Rect": "624,396,40,48", "Center": "23,22" },
	"character_SSJG_0x7d":  { "File": "SSJG.bmp", "Rect": "676,400,48,40", "Center": "20,13" },
	"character_SSJG_0x7e":  { "File": "SSJG.bmp", "Rect": "732,400,48,40", "Center": "23,17" },
	"character_SSJG_0x7f":  { "File": "SSJG.bmp", "Rect": "792,396,40,48", "Center": "13,28" },
	"character_SSJG_0x80":  { "File": "SSJG.bmp", "Rect": "72,431,30,68", "Center": "22,25" },
	"character_SSJG_0x81":  { "File": "SSJG.bmp", "Rect": "13,437,32,62", "Center": "21,26" },
	"character_SSJG_0x82":  { "File": "SSJG.bmp", "Rect": "72,431,30,68", "Center": "22,25" },
	"character_SSJG_0x83":  { "File": "SSJG.bmp", "Rect": "13,437,32,62", "Center": "21,26" },
	"character_SSJG_0x84":  { "File": "SSJG.bmp", "Rect": "72,431,30,66", "Center": "22,25" },
	"character_SSJG_0x85":  { "File": "SSJG.bmp", "Rect": "13,437,32,62", "Center": "21,26" },
	"character_SSJG_0x86":  { "File": "character_SSJG_transformation.bmp", "Rect": "13,241,100,91", "Center": "49,69" },
	"character_SSJG_0x87":  { "File": "character_SSJG_transformation.bmp", "Rect": "124,236,101,97", "Center": "50,75" },
	"character_SSJG_0x88":  { "File": "character_SSJG_transformation.bmp", "Rect": "13,241,100,91", "Center": "49,69" },
	"character_SSJG_0x89":  { "File": "character_SSJG_transformation.bmp", "Rect": "124,236,101,97", "Center": "50,75" },
	"character_SSJG_0x8a":  { "File": "character_SSJG_transformation.bmp", "Rect": "13,241,100,91", "Center": "49,69" },
	"character_SSJG_0x8b":  { "File": "character_SSJG_transformation.bmp", "Rect": "124,236,101,97", "Center": "50,75" },
	"character_SSJG_0x8c":  { "File": "SSJG.bmp", "Rect": "605,445,70,47", "Center": "34,22" },
	"character_SSJG_0x8d":  { "File": "SSJG.bmp", "Rect": "605,445,70,47", "Center": "34,22" },
	"character_SSJG_0x8e":  { "File": "SSJG.bmp", "Rect": "739,444,43,65", "Center": "22,41" },
	"character_SSJG_0x8f":  { "File": "SSJG.bmp", "Rect": "792,446,46,64", "Center": "39,24" },
	"character_SSJG_0x90":  { "File": "SSJG.bmp", "Rect": "13,500,33,67", "Center": "27,23" },
	"character_SSJG_0x91":  { "File": "SSJG.bmp", "Rect": "70,501,30,67", "Center": "26,21" },
	"character_SSJG_0x92":  { "File": "SSJG.bmp", "Rect": "12,603,32,66", "Center": "26,22" },
	"character_SSJG_0x93":  { "File": "SSJG.bmp", "Rect": "12,603,32,66", "Center": "26,22" },
	"character_SSJG_0x94":  { "File": "SSJG.bmp", "Rect": "175,493,40,69", "Center": "23,30" },
	"character_SSJG_0x95":  { "File": "SSJG.bmp", "Rect": "236,490,37,68", "Center": "20,30" },
	"character_SSJG_0x96":  { "File": "SSJG.bmp", "Rect": "286,513,46,37", "Center": "23,22" },
	"character_SSJG_0x97":  { "File": "SSJG.bmp", "Rect": "347,509,36,45", "Center": "16,27" },
	"character_SSJG_0x98":  { "File": "SSJG.bmp", "Rect": "401,510,43,42", "Center": "17,21" },
	"character_SSJG_0x99":  { "File": "SSJG.bmp", "Rect": "458,509,38,45", "Center": "22,19" },
	"character_SSJG_0x9a":  { "File": "SSJG.bmp", "Rect": "510,509,43,45", "Center": "26,26" },
	"character_SSJG_0x9b":  { "File": "SSJG.bmp", "Rect": "568,499,48,51", "Center": "26,30" },
	"character_SSJG_0x9c":  { "File": "SSJG.bmp", "Rect": "622,507,49,42", "Center": "26,22" },
	"character_SSJG_0x9d":  { "File": "SSJG.bmp", "Rect": "622,507,49,42", "Center": "26,22" },
	"character_SSJG_0x9e":  { "File": "SSJG.bmp", "Rect": "622,507,49,42", "Center": "26,22" },
	"character_SSJG_0x9f":  { "File": "SSJG.bmp", "Rect": "622,507,49,42", "Center": "26,22" },
	"character_SSJG_0xa0":  { "File": "SSJG.bmp", "Rect": "622,507,49,42", "Center": "26,22" },
	"character_SSJG_0xa1":  { "File": "SSJG.bmp", "Rect": "287,550,39,72", "Center": "23,52" },
	"character_SSJG_0xa2":  { "File": "SSJG.bmp", "Rect": "120,539,39,70", "Center": "20,50" },
	"character_SSJG_0xa3":  { "File": "SSJG.bmp", "Rect": "287,550,39,72", "Center": "23,52" },
	"character_SSJG_0xa4":  { "File": "SSJG.bmp", "Rect": "120,539,39,70", "Center": "20,50" },
	"character_SSJG_0xa5":  { "File": "SSJG.bmp", "Rect": "287,550,39,72", "Center": "23,52" },
	"character_SSJG_0xa6":  { "File": "SSJG.bmp", "Rect": "120,539,39,69", "Center": "20,50" },
	"character_SSJG_0xa7":  { "File": "SSJG.bmp", "Rect": "342,569,48,41", "Center": "20,28" },
	"character_SSJG_0xa8":  { "File": "SSJG.bmp", "Rect": "342,569,48,41", "Center": "20,28" },
	"character_SSJG_0xa9":  { "File": "SSJG.bmp", "Rect": "342,569,48,41", "Center": "20,28" },
	"character_SSJG_0xaa":  { "File": "SSJG.bmp", "Rect": "498,554,59,55", "Center": "30,39" },
	"character_SSJG_0xab":  { "File": "SSJG.bmp", "Rect": "556,554,59,55", "Center": "31,39" },
	"character_SSJG_0xac":  { "File": "SSJG.bmp", "Rect": "625,556,51,52", "Center": "26,33" },
	"character_SSJG_0xad":  { "File": "SSJG.bmp", "Rect": "736,555,47,53", "Center": "26,31" },
	"character_SSJG_0xae":  { "File": "SSJG.bmp", "Rect": "791,554,44,49", "Center": "25,28" },
	"character_SSJG_0xaf":  { "File": "SSJG.bmp", "Rect": "454,726,53,50", "Center": "25,29" },
	"character_SSJG_0xb0":  { "File": "SSJG.bmp", "Rect": "847,554,44,54", "Center": "19,32" },
	"character_SSJG_0xb1":  { "File": "SSJG.bmp", "Rect": "8,612,38,58", "Center": "19,37" },
	"character_SSJG_0xb2":  { "File": "SSJG.bmp", "Rect": "62,613,41,57", "Center": "21,41" },
	"character_SSJG_0xb3":  { "File": "SSJG.bmp", "Rect": "8,612,38,58", "Center": "19,37" },
	"character_SSJG_0xb4":  { "File": "SSJG.bmp", "Rect": "165,611,55,61", "Center": "22,34" },
	"character_SSJG_0xb5":  { "File": "SSJG.bmp", "Rect": "220,611,55,61", "Center": "22,34" },
	"character_SSJG_0xb6":  { "File": "SSJG.bmp", "Rect": "277,624,57,53", "Center": "32,34" },
	"character_SSJG_0xb7":  { "File": "SSJG.bmp", "Rect": "277,624,57,53", "Center": "31,34" },
	"character_SSJG_0xb8":  { "File": "SSJG.bmp", "Rect": "277,624,57,53", "Center": "32,34" },
	"character_SSJG_0xb9":  { "File": "SSJG.bmp", "Rect": "277,624,57,53", "Center": "31,34" },
	"character_SSJG_0xba":  { "File": "SSJG.bmp", "Rect": "516,610,36,69", "Center": "20,48" },
	"character_SSJG_0xbb":  { "File": "SSJG.bmp", "Rect": "572,611,36,69", "Center": "20,48" },
	"character_SSJG_0xbc":  { "File": "SSJG.bmp", "Rect": "631,611,36,70", "Center": "20,49" },
	"character_SSJG_0xbd":  { "File": "SSJG.bmp", "Rect": "687,609,39,72", "Center": "23,51" },
	"character_SSJG_0xbe":  { "File": "SSJG.bmp", "Rect": "742,609,37,72", "Center": "21,50" },
	"character_SSJG_0xbf":  { "File": "SSJG.bmp", "Rect": "796,624,32,40", "Center": "18,20" },
	"character_SSJG_0xc0":  { "File": "SSJG.bmp", "Rect": "852,624,32,40", "Center": "18,20" },
	"character_SSJG_0xc1":  { "File": "SSJG.bmp", "Rect": "12,680,32,40", "Center": "13,20" },
	"character_SSJG_0xc2":  { "File": "SSJG.bmp", "Rect": "68,680,30,40", "Center": "13,20" },
	"character_SSJG_0xc3":  { "File": "SSJG.bmp", "Rect": "101,666,32,66", "Center": "22,44" },
	"character_SSJG_0xc4":  { "File": "SSJG.bmp", "Rect": "135,666,29,65", "Center": "20,44" },
	"character_SSJG_0xc5":  { "File": "SSJG.bmp", "Rect": "236,680,32,40", "Center": "19,20" },
	"character_SSJG_0xc6":  { "File": "SSJG.bmp", "Rect": "292,680,32,40", "Center": "18,20" },
	"character_SSJG_0xc7":  { "File": "SSJG.bmp", "Rect": "348,680,32,40", "Center": "19,20" },
	"character_SSJG_0xc8":  { "File": "SSJG.bmp", "Rect": "739,446,43,63", "Center": "22,39" },
	"character_SSJG_0xc9":  { "File": "SSJG.bmp", "Rect": "570,715,43,64", "Center": "22,40" },
	"character_SSJG_0xca":  { "File": "SSJG.bmp", "Rect": "739,446,43,63", "Center": "22,39" },
	"character_SSJG_0xcb":  { "File": "SSJG.bmp", "Rect": "570,715,43,64", "Center": "22,40" },
	"character_SSJG_0xcc":  { "File": "SSJG.bmp", "Rect": "739,446,43,63", "Center": "22,39" },
	"character_SSJG_0xcd":  { "File": "SSJG.bmp", "Rect": "570,715,43,64", "Center": "22,40" },
	"character_SSJG_0xce":  { "File": "SSJG.bmp", "Rect": "739,446,43,63", "Center": "22,39" },
	"character_SSJG_0xcf":  { "File": "SSJG.bmp", "Rect": "570,715,43,64", "Center": "22,40" },
	"character_SSJG_0xd0":  { "File": "SSJG.bmp", "Rect": "342,569,48,41", "Center": "20,28" },
	"character_SSJG_0xd1":  { "File": "SSJG.bmp", "Rect": "342,569,48,41", "Center": "20,28" },
	"character_SSJG_0xd2":  { "File": "character_SSJG_transformation.bmp", "Rect": "0,85,93,107", "Center": "51,76" },
	"character_SSJG_0xd3":  { "File": "character_SSJG_transformation.bmp", "Rect": "99,76,88,117", "Center": "48,84" },
	"character_SSJG_0xd4":  { "File": "character_SSJG_transformation.bmp", "Rect": "188,76,92,119", "Center": "47,83" },
	"character_SSJG_0xd5":  { "File": "character_SSJG_transformation.bmp", "Rect": "287,89,123,129", "Center": "62,93" },
	"character_SSJG_0xd6":  { "File": "character_SSJG_transformation.bmp", "Rect": "188,76,92,119", "Center": "47,83" },
	"character_SSJG_0xd7":  { "File": "SSJG.bmp", "Rect": "342,569,48,41", "Center": "20,28" },
	"character_SSJG_0xd8":  { "File": "SSJG.bmp", "Rect": "342,569,48,41", "Center": "20,28" },
	"character_SSJG_0xd9":  { "File": "SSJG.bmp", "Rect": "454,730,57,46", "Center": "22,33" },
	"character_SSJG_0xda":  { "File": "SSJG.bmp", "Rect": "739,444,43,65", "Center": "22,41" },
	"character_SSJG_0xdb":  { "File": "SSJG.bmp", "Rect": "570,715,43,64", "Center": "22,40" },
	"character_SSJG_0xdc":  { "File": "SSJG.bmp", "Rect": "739,446,43,63", "Center": "22,39" },
	"character_SSJG_0xdd":  { "File": "SSJG.bmp", "Rect": "570,715,43,64", "Center": "22,40" },
	"character_SSJG_0xde":  { "File": "SSJG.bmp", "Rect": "739,446,43,63", "Center": "22,39" },
	"character_SSJG_0xdf":  { "File": "SSJG.bmp", "Rect": "570,715,43,64", "Center": "22,40" },
	"character_SSJG_0xe0":  { "File": "SSJG.bmp", "Rect": "739,446,43,63", "Center": "22,39" },
	"character_SSJG_0xe1":  { "File": "SSJG.bmp", "Rect": "570,715,43,64", "Center": "22,40" },
	"character_SSJG_0xe2":  { "File": "SSJG.bmp", "Rect": "59,778,45,64", "Center": "21,40" },
	"character_SSJG_0xe3":  { "File": "SSJG.bmp", "Rect": "118,781,43,64", "Center": "21,40" },
	"character_SSJG_0xe4":  { "File": "SSJG.bmp", "Rect": "72,431,30,68", "Center": "22,25" },
	"character_SSJG_0xe5":  { "File": "SSJG.bmp", "Rect": "347,777,40,69", "Center": "24,30" },
	"character_SSJG_0xe6":  { "File": "SSJG.bmp", "Rect": "347,777,40,69", "Center": "24,30" },
	"character_SSJG_0xe7":  { "File": "SSJG.bmp", "Rect": "347,777,40,69", "Center": "24,30" },
	"character_SSJG_0xe8":  { "File": "SSJG.bmp", "Rect": "404,779,37,60", "Center": "21,24" },
	"character_SSJG_0xe9":  { "File": "SSJG.bmp", "Rect": "404,779,37,60", "Center": "21,24" },
	"character_SSJG_0xea":  { "File": "SSJG.bmp", "Rect": "404,779,37,60", "Center": "21,24" },
	"character_SSJG_0xeb":  { "File": "SSJG.bmp", "Rect": "568,788,40,48", "Center": "20,24" },
	"character_SSJG_0xec":  { "File": "SSJG.bmp", "Rect": "620,792,48,40", "Center": "24,20" },
	"character_SSJG_0xed":  { "File": "SSJG.bmp", "Rect": "684,788,32,48", "Center": "16,24" },
	"character_SSJG_0xee":  { "File": "SSJG.bmp", "Rect": "732,792,48,40", "Center": "24,20" },
	"character_SSJG_0xef":  { "File": "SSJG.bmp", "Rect": "0,120,63,40", "Center": "35,28" },
	"character_SSJG_0xf0":  { "File": "SSJG.bmp", "Rect": "64,118,63,41", "Center": "34,28" },
	"character_SSJG_0xf1":  { "File": "SSJG.bmp", "Rect": "0,120,63,40", "Center": "35,28" },
	"character_SSJG_0xf2":  { "File": "SSJG.bmp", "Rect": "185,341,23,40", "Center": "12,20" },
	"character_SSJG_0xf3":  { "File": "SSJG.bmp", "Rect": "228,848,63,42", "Center": "29,28" },
	"character_SSJG_0xf4":  { "File": "SSJG.bmp", "Rect": "165,846,63,41", "Center": "27,28" },
	"character_SSJG_0xf5":  { "File": "SSJG.bmp", "Rect": "228,848,63,42", "Center": "29,28" },
	"character_SSJG_0xf6":  { "File": "SSJG.bmp", "Rect": "165,846,63,41", "Center": "27,28" },
	"character_SSJG_0xf7":  { "File": "SSJG.bmp", "Rect": "228,848,63,42", "Center": "29,28" },
	"character_SSJG_0xf8":  { "File": "SSJG.bmp", "Rect": "185,341,23,40", "Center": "12,20" },
	"character_SSJG_0xf9":  { "File": "SSJG.bmp", "Rect": "0,120,63,40", "Center": "36,27" },
	"character_SSJG_0xfa":  { "File": "SSJG.bmp", "Rect": "64,118,63,41", "Center": "34,28" },
	"SSJG_dropdash_0":  { "File": "SSJG.bmp", "Rect": "177,675,43,49", "Center": "16,35" },
	"SSJG_dropdash_1":  { "File": "SSJG.bmp", "Rect": "177,675,43,49", "Center": "16,35" },
	"SSJG_peelout_0":  { "File": "SSJG.bmp", "Rect": "0,120,63,40", "Center": "35,28" },
	"SSJG_peelout_1":  { "File": "SSJG.bmp", "Rect": "64,118,63,41", "Center": "34,28" },
	"SSJG_peelout_2":  { "File": "SSJG.bmp", "Rect": "0,120,63,40", "Center": "35,28" },
	"SSJG_peelout_3":  { "File": "SSJG.bmp", "Rect": "64,118,63,41", "Center": "34,28" }
}