{
	"character_knuckles_glide_turn_left_0x00": { "File": "character_knuckles_glide_turn.bmp", "Rect" : "0, 0, 60, 60", "Center" : "30, 30" },
	"character_knuckles_glide_turn_left_0x01": { "File": "character_knuckles_glide_turn.bmp", "Rect" : "64, 0, 60, 60", "Center" : "30, 30" },
	"character_knuckles_glide_turn_left_0x02": { "File": "character_knuckles_glide_turn.bmp", "Rect" : "128, 0, 60, 60", "Center" : "30, 30" },
	"character_knuckles_glide_turn_left_0x03": { "File": "character_knuckles_glide_turn.bmp", "Rect" : "192, 0, 60, 60", "Center" : "30, 30" },
	"character_knuckles_glide_turn_left_0x04": { "File": "character_knuckles_glide_turn.bmp", "Rect" : "256, 0, 60, 60", "Center" : "30, 30" },
	"character_knuckles_glide_turn_left_0x05": { "File": "character_knuckles_glide_turn.bmp", "Rect" : "320, 0, 60, 60", "Center" : "30, 30" },
	"character_knuckles_glide_turn_left_0x06": { "File": "character_knuckles_glide_turn.bmp", "Rect" : "384, 0, 60, 60", "Center" : "30, 30" },
	"character_knuckles_glide_turn_left_0x07": { "File": "character_knuckles_glide_turn.bmp", "Rect" : "448, 0, 60, 60", "Center" : "30, 30" },
	"character_knuckles_glide_turn_left_0x08": { "File": "character_knuckles_glide_turn.bmp", "Rect" : "512, 0, 60, 60", "Center" : "30, 30" },
	"character_knuckles_glide_turn_left_0x09": { "File": "character_knuckles_glide_turn.bmp", "Rect" : "576, 0, 60, 60", "Center" : "30, 30" },
	"character_knuckles_glide_turn_left_0x0a": { "File": "character_knuckles_glide_turn.bmp", "Rect" : "640, 0, 60, 60", "Center" : "30, 30" },
	"character_knuckles_glide_turn_left_0x0b": { "File": "character_knuckles_glide_turn.bmp", "Rect" : "704, 0, 60, 60", "Center" : "30, 30" },
	"character_knuckles_glide_turn_left_0x0c": { "File": "character_knuckles_glide_turn.bmp", "Rect" : "768, 0, 60, 60", "Center" : "30, 30" },
	"character_knuckles_glide_turn_left_0x0d": { "File": "character_knuckles_glide_turn.bmp", "Rect" : "832, 0, 60, 60", "Center" : "30, 30" },
	"character_knuckles_glide_turn_left_0x0e": { "File": "character_knuckles_glide_turn.bmp", "Rect" : "896, 0, 60, 60", "Center" : "30, 30" },
	"character_knuckles_glide_turn_left_0x0f": { "File": "character_knuckles_glide_turn.bmp", "Rect" : "960, 0, 60, 60", "Center" : "30, 30" },
	"character_knuckles_glide_turn_left_0x10": { "File": "character_knuckles_glide_turn.bmp", "Rect" : "0, 64, 60, 60", "Center" : "30, 30" },
	"character_knuckles_glide_turn_left_0x11": { "File": "character_knuckles_glide_turn.bmp", "Rect" : "64, 64, 60, 60", "Center" : "30, 30" },
	"character_knuckles_glide_turn_left_0x12": { "File": "character_knuckles_glide_turn.bmp", "Rect" : "128, 64, 60, 60", "Center" : "30, 30" },
	"character_knuckles_glide_turn_left_0x13": { "File": "character_knuckles_glide_turn.bmp", "Rect" : "192, 64, 60, 60", "Center" : "30, 30" },
	"character_knuckles_glide_turn_left_0x14": { "File": "character_knuckles_glide_turn.bmp", "Rect" : "256, 64, 60, 60", "Center" : "30, 30" },
	"character_knuckles_glide_turn_left_0x15": { "File": "character_knuckles_glide_turn.bmp", "Rect" : "320, 64, 60, 60", "Center" : "30, 30" },
	"character_knuckles_glide_turn_left_0x16": { "File": "character_knuckles_glide_turn.bmp", "Rect" : "384, 64, 60, 60", "Center" : "30, 30" },
	"character_knuckles_glide_turn_left_0x17": { "File": "character_knuckles_glide_turn.bmp", "Rect" : "448, 64, 60, 60", "Center" : "30, 30" },
	"character_knuckles_glide_turn_left_0x18": { "File": "character_knuckles_glide_turn.bmp", "Rect" : "512, 64, 60, 60", "Center" : "30, 30" },
	"character_knuckles_glide_turn_left_0x19": { "File": "character_knuckles_glide_turn.bmp", "Rect" : "576, 64, 60, 60", "Center" : "30, 30" },
	"character_knuckles_glide_turn_left_0x1a": { "File": "character_knuckles_glide_turn.bmp", "Rect" : "640, 64, 60, 60", "Center" : "30, 30" },
	"character_knuckles_glide_turn_left_0x1b": { "File": "character_knuckles_glide_turn.bmp", "Rect" : "704, 64, 60, 60", "Center" : "30, 30" },
	"character_knuckles_glide_turn_left_0x1c": { "File": "character_knuckles_glide_turn.bmp", "Rect" : "768, 64, 60, 60", "Center" : "30, 30" },
	"character_knuckles_glide_turn_left_0x1d": { "File": "character_knuckles_glide_turn.bmp", "Rect" : "832, 64, 60, 60", "Center" : "30, 30" },
	"character_knuckles_glide_turn_left_0x1e": { "File": "character_knuckles_glide_turn.bmp", "Rect" : "896, 64, 60, 60", "Center" : "30, 30" },
	"character_knuckles_glide_turn_left_0x1f": { "File": "character_knuckles_glide_turn.bmp", "Rect" : "960, 64, 60, 60", "Center" : "30, 30" },
	"character_knuckles_glide_turn_left_0x20": { "File": "character_knuckles_glide_turn.bmp", "Rect" : "0, 128, 60, 60", "Center" : "30, 30" },
	"character_knuckles_glide_turn_left_0x21": { "File": "character_knuckles_glide_turn.bmp", "Rect" : "64, 128, 60, 60", "Center" : "30, 30" },
	"character_knuckles_glide_turn_left_0x22": { "File": "character_knuckles_glide_turn.bmp", "Rect" : "128, 128, 60, 60", "Center" : "30, 30" },
	"character_knuckles_glide_turn_left_0x23": { "File": "character_knuckles_glide_turn.bmp", "Rect" : "192, 128, 60, 60", "Center" : "30, 30" },
	"character_knuckles_glide_turn_left_0x24": { "File": "character_knuckles_glide_turn.bmp", "Rect" : "256, 128, 60, 60", "Center" : "30, 30" },
	"character_knuckles_glide_turn_left_0x25": { "File": "character_knuckles_glide_turn.bmp", "Rect" : "320, 128, 60, 60", "Center" : "30, 30" },
	"character_knuckles_glide_turn_left_0x26": { "File": "character_knuckles_glide_turn.bmp", "Rect" : "384, 128, 60, 60", "Center" : "30, 30" },
	"character_knuckles_glide_turn_left_0x27": { "File": "character_knuckles_glide_turn.bmp", "Rect" : "448, 128, 60, 60", "Center" : "30, 30" },
	"character_knuckles_glide_turn_left_0x28": { "File": "character_knuckles_glide_turn.bmp", "Rect" : "512, 128, 60, 60", "Center" : "30, 30" },
	"character_knuckles_glide_turn_left_0x29": { "File": "character_knuckles_glide_turn.bmp", "Rect" : "576, 128, 60, 60", "Center" : "30, 30" },
	"character_knuckles_glide_turn_left_0x2a": { "File": "character_knuckles_glide_turn.bmp", "Rect" : "640, 128, 60, 60", "Center" : "30, 30" },
	"character_knuckles_glide_turn_left_0x2b": { "File": "character_knuckles_glide_turn.bmp", "Rect" : "704, 128, 60, 60", "Center" : "30, 30" },
	"character_knuckles_glide_turn_left_0x2c": { "File": "character_knuckles_glide_turn.bmp", "Rect" : "768, 128, 60, 60", "Center" : "30, 30" },
	"character_knuckles_glide_turn_left_0x2d": { "File": "character_knuckles_glide_turn.bmp", "Rect" : "832, 128, 60, 60", "Center" : "30, 30" },
	"character_knuckles_glide_turn_left_0x2e": { "File": "character_knuckles_glide_turn.bmp", "Rect" : "896, 128, 60, 60", "Center" : "30, 30" },
	"character_knuckles_glide_turn_left_0x2f": { "File": "character_knuckles_glide_turn.bmp", "Rect" : "960, 128, 60, 60", "Center" : "30, 30" },
	"character_knuckles_glide_turn_left_0x30": { "File": "character_knuckles_glide_turn.bmp", "Rect" : "0, 192, 60, 60", "Center" : "30, 30" },
	"character_knuckles_glide_turn_left_0x31": { "File": "character_knuckles_glide_turn.bmp", "Rect" : "64, 192, 60, 60", "Center" : "30, 30" },
	"character_knuckles_glide_turn_left_0x32": { "File": "character_knuckles_glide_turn.bmp", "Rect" : "128, 192, 60, 60", "Center" : "30, 30" },
	"character_knuckles_glide_turn_left_0x33": { "File": "character_knuckles_glide_turn.bmp", "Rect" : "192, 192, 60, 60", "Center" : "30, 30" },
	"character_knuckles_glide_turn_left_0x34": { "File": "character_knuckles_glide_turn.bmp", "Rect" : "256, 192, 60, 60", "Center" : "30, 30" },
	"character_knuckles_glide_turn_left_0x35": { "File": "character_knuckles_glide_turn.bmp", "Rect" : "320, 192, 60, 60", "Center" : "30, 30" },
	"character_knuckles_glide_turn_left_0x36": { "File": "character_knuckles_glide_turn.bmp", "Rect" : "384, 192, 60, 60", "Center" : "30, 30" },
	"character_knuckles_glide_turn_left_0x37": { "File": "character_knuckles_glide_turn.bmp", "Rect" : "448, 192, 60, 60", "Center" : "30, 30" },
	"character_knuckles_glide_turn_left_0x38": { "File": "character_knuckles_glide_turn.bmp", "Rect" : "512, 192, 60, 60", "Center" : "30, 30" },
	"character_knuckles_glide_turn_left_0x39": { "File": "character_knuckles_glide_turn.bmp", "Rect" : "576, 192, 60, 60", "Center" : "30, 30" },
	"character_knuckles_glide_turn_left_0x3a": { "File": "character_knuckles_glide_turn.bmp", "Rect" : "640, 192, 60, 60", "Center" : "30, 30" },
	"character_knuckles_glide_turn_left_0x3b": { "File": "character_knuckles_glide_turn.bmp", "Rect" : "704, 192, 60, 60", "Center" : "30, 30" },
	"character_knuckles_glide_turn_left_0x3c": { "File": "character_knuckles_glide_turn.bmp", "Rect" : "768, 192, 60, 60", "Center" : "30, 30" },
	"character_knuckles_glide_turn_left_0x3d": { "File": "character_knuckles_glide_turn.bmp", "Rect" : "832, 192, 60, 60", "Center" : "30, 30" },
	"character_knuckles_glide_turn_left_0x3e": { "File": "character_knuckles_glide_turn.bmp", "Rect" : "896, 192, 60, 60", "Center" : "30, 30" },
	"character_knuckles_glide_turn_left_0x3f": { "File": "character_knuckles_glide_turn.bmp", "Rect" : "960, 192, 60, 60", "Center" : "30, 30" },
	"character_knuckles_glide_turn_right_0x00": { "File": "character_knuckles_glide_turn.bmp", "Rect" : "0, 256, 60, 60", "Center" : "30, 30" },
	"character_knuckles_glide_turn_right_0x01": { "File": "character_knuckles_glide_turn.bmp", "Rect" : "64, 256, 60, 60", "Center" : "30, 30" },
	"character_knuckles_glide_turn_right_0x02": { "File": "character_knuckles_glide_turn.bmp", "Rect" : "128, 256, 60, 60", "Center" : "30, 30" },
	"character_knuckles_glide_turn_right_0x03": { "File": "character_knuckles_glide_turn.bmp", "Rect" : "192, 256, 60, 60", "Center" : "30, 30" },
	"character_knuckles_glide_turn_right_0x04": { "File": "character_knuckles_glide_turn.bmp", "Rect" : "256, 256, 60, 60", "Center" : "30, 30" },
	"character_knuckles_glide_turn_right_0x05": { "File": "character_knuckles_glide_turn.bmp", "Rect" : "320, 256, 60, 60", "Center" : "30, 30" },
	"character_knuckles_glide_turn_right_0x06": { "File": "character_knuckles_glide_turn.bmp", "Rect" : "384, 256, 60, 60", "Center" : "30, 30" },
	"character_knuckles_glide_turn_right_0x07": { "File": "character_knuckles_glide_turn.bmp", "Rect" : "448, 256, 60, 60", "Center" : "30, 30" },
	"character_knuckles_glide_turn_right_0x08": { "File": "character_knuckles_glide_turn.bmp", "Rect" : "512, 256, 60, 60", "Center" : "30, 30" },
	"character_knuckles_glide_turn_right_0x09": { "File": "character_knuckles_glide_turn.bmp", "Rect" : "576, 256, 60, 60", "Center" : "30, 30" },
	"character_knuckles_glide_turn_right_0x0a": { "File": "character_knuckles_glide_turn.bmp", "Rect" : "640, 256, 60, 60", "Center" : "30, 30" },
	"character_knuckles_glide_turn_right_0x0b": { "File": "character_knuckles_glide_turn.bmp", "Rect" : "704, 256, 60, 60", "Center" : "30, 30" },
	"character_knuckles_glide_turn_right_0x0c": { "File": "character_knuckles_glide_turn.bmp", "Rect" : "768, 256, 60, 60", "Center" : "30, 30" },
	"character_knuckles_glide_turn_right_0x0d": { "File": "character_knuckles_glide_turn.bmp", "Rect" : "832, 256, 60, 60", "Center" : "30, 30" },
	"character_knuckles_glide_turn_right_0x0e": { "File": "character_knuckles_glide_turn.bmp", "Rect" : "896, 256, 60, 60", "Center" : "30, 30" },
	"character_knuckles_glide_turn_right_0x0f": { "File": "character_knuckles_glide_turn.bmp", "Rect" : "960, 256, 60, 60", "Center" : "30, 30" },
	"character_knuckles_glide_turn_right_0x10": { "File": "character_knuckles_glide_turn.bmp", "Rect" : "0, 320, 60, 60", "Center" : "30, 30" },
	"character_knuckles_glide_turn_right_0x11": { "File": "character_knuckles_glide_turn.bmp", "Rect" : "64, 320, 60, 60", "Center" : "30, 30" },
	"character_knuckles_glide_turn_right_0x12": { "File": "character_knuckles_glide_turn.bmp", "Rect" : "128, 320, 60, 60", "Center" : "30, 30" },
	"character_knuckles_glide_turn_right_0x13": { "File": "character_knuckles_glide_turn.bmp", "Rect" : "192, 320, 60, 60", "Center" : "30, 30" },
	"character_knuckles_glide_turn_right_0x14": { "File": "character_knuckles_glide_turn.bmp", "Rect" : "256, 320, 60, 60", "Center" : "30, 30" },
	"character_knuckles_glide_turn_right_0x15": { "File": "character_knuckles_glide_turn.bmp", "Rect" : "320, 320, 60, 60", "Center" : "30, 30" },
	"character_knuckles_glide_turn_right_0x16": { "File": "character_knuckles_glide_turn.bmp", "Rect" : "384, 320, 60, 60", "Center" : "30, 30" },
	"character_knuckles_glide_turn_right_0x17": { "File": "character_knuckles_glide_turn.bmp", "Rect" : "448, 320, 60, 60", "Center" : "30, 30" },
	"character_knuckles_glide_turn_right_0x18": { "File": "character_knuckles_glide_turn.bmp", "Rect" : "512, 320, 60, 60", "Center" : "30, 30" },
	"character_knuckles_glide_turn_right_0x19": { "File": "character_knuckles_glide_turn.bmp", "Rect" : "576, 320, 60, 60", "Center" : "30, 30" },
	"character_knuckles_glide_turn_right_0x1a": { "File": "character_knuckles_glide_turn.bmp", "Rect" : "640, 320, 60, 60", "Center" : "30, 30" },
	"character_knuckles_glide_turn_right_0x1b": { "File": "character_knuckles_glide_turn.bmp", "Rect" : "704, 320, 60, 60", "Center" : "30, 30" },
	"character_knuckles_glide_turn_right_0x1c": { "File": "character_knuckles_glide_turn.bmp", "Rect" : "768, 320, 60, 60", "Center" : "30, 30" },
	"character_knuckles_glide_turn_right_0x1d": { "File": "character_knuckles_glide_turn.bmp", "Rect" : "832, 320, 60, 60", "Center" : "30, 30" },
	"character_knuckles_glide_turn_right_0x1e": { "File": "character_knuckles_glide_turn.bmp", "Rect" : "896, 320, 60, 60", "Center" : "30, 30" },
	"character_knuckles_glide_turn_right_0x1f": { "File": "character_knuckles_glide_turn.bmp", "Rect" : "960, 320, 60, 60", "Center" : "30, 30" },
	"character_knuckles_glide_turn_right_0x20": { "File": "character_knuckles_glide_turn.bmp", "Rect" : "0, 384, 60, 60", "Center" : "30, 30" },
	"character_knuckles_glide_turn_right_0x21": { "File": "character_knuckles_glide_turn.bmp", "Rect" : "64, 384, 60, 60", "Center" : "30, 30" },
	"character_knuckles_glide_turn_right_0x22": { "File": "character_knuckles_glide_turn.bmp", "Rect" : "128, 384, 60, 60", "Center" : "30, 30" },
	"character_knuckles_glide_turn_right_0x23": { "File": "character_knuckles_glide_turn.bmp", "Rect" : "192, 384, 60, 60", "Center" : "30, 30" },
	"character_knuckles_glide_turn_right_0x24": { "File": "character_knuckles_glide_turn.bmp", "Rect" : "256, 384, 60, 60", "Center" : "30, 30" },
	"character_knuckles_glide_turn_right_0x25": { "File": "character_knuckles_glide_turn.bmp", "Rect" : "320, 384, 60, 60", "Center" : "30, 30" },
	"character_knuckles_glide_turn_right_0x26": { "File": "character_knuckles_glide_turn.bmp", "Rect" : "384, 384, 60, 60", "Center" : "30, 30" },
	"character_knuckles_glide_turn_right_0x27": { "File": "character_knuckles_glide_turn.bmp", "Rect" : "448, 384, 60, 60", "Center" : "30, 30" },
	"character_knuckles_glide_turn_right_0x28": { "File": "character_knuckles_glide_turn.bmp", "Rect" : "512, 384, 60, 60", "Center" : "30, 30" },
	"character_knuckles_glide_turn_right_0x29": { "File": "character_knuckles_glide_turn.bmp", "Rect" : "576, 384, 60, 60", "Center" : "30, 30" },
	"character_knuckles_glide_turn_right_0x2a": { "File": "character_knuckles_glide_turn.bmp", "Rect" : "640, 384, 60, 60", "Center" : "30, 30" },
	"character_knuckles_glide_turn_right_0x2b": { "File": "character_knuckles_glide_turn.bmp", "Rect" : "704, 384, 60, 60", "Center" : "30, 30" },
	"character_knuckles_glide_turn_right_0x2c": { "File": "character_knuckles_glide_turn.bmp", "Rect" : "768, 384, 60, 60", "Center" : "30, 30" },
	"character_knuckles_glide_turn_right_0x2d": { "File": "character_knuckles_glide_turn.bmp", "Rect" : "832, 384, 60, 60", "Center" : "30, 30" },
	"character_knuckles_glide_turn_right_0x2e": { "File": "character_knuckles_glide_turn.bmp", "Rect" : "896, 384, 60, 60", "Center" : "30, 30" },
	"character_knuckles_glide_turn_right_0x2f": { "File": "character_knuckles_glide_turn.bmp", "Rect" : "960, 384, 60, 60", "Center" : "30, 30" },
	"character_knuckles_glide_turn_right_0x30": { "File": "character_knuckles_glide_turn.bmp", "Rect" : "0, 448, 60, 60", "Center" : "30, 30" },
	"character_knuckles_glide_turn_right_0x31": { "File": "character_knuckles_glide_turn.bmp", "Rect" : "64, 448, 60, 60", "Center" : "30, 30" },
	"character_knuckles_glide_turn_right_0x32": { "File": "character_knuckles_glide_turn.bmp", "Rect" : "128, 448, 60, 60", "Center" : "30, 30" },
	"character_knuckles_glide_turn_right_0x33": { "File": "character_knuckles_glide_turn.bmp", "Rect" : "192, 448, 60, 60", "Center" : "30, 30" },
	"character_knuckles_glide_turn_right_0x34": { "File": "character_knuckles_glide_turn.bmp", "Rect" : "256, 448, 60, 60", "Center" : "30, 30" },
	"character_knuckles_glide_turn_right_0x35": { "File": "character_knuckles_glide_turn.bmp", "Rect" : "320, 448, 60, 60", "Center" : "30, 30" },
	"character_knuckles_glide_turn_right_0x36": { "File": "character_knuckles_glide_turn.bmp", "Rect" : "384, 448, 60, 60", "Center" : "30, 30" },
	"character_knuckles_glide_turn_right_0x37": { "File": "character_knuckles_glide_turn.bmp", "Rect" : "448, 448, 60, 60", "Center" : "30, 30" },
	"character_knuckles_glide_turn_right_0x38": { "File": "character_knuckles_glide_turn.bmp", "Rect" : "512, 448, 60, 60", "Center" : "30, 30" },
	"character_knuckles_glide_turn_right_0x39": { "File": "character_knuckles_glide_turn.bmp", "Rect" : "576, 448, 60, 60", "Center" : "30, 30" },
	"character_knuckles_glide_turn_right_0x3a": { "File": "character_knuckles_glide_turn.bmp", "Rect" : "640, 448, 60, 60", "Center" : "30, 30" },
	"character_knuckles_glide_turn_right_0x3b": { "File": "character_knuckles_glide_turn.bmp", "Rect" : "704, 448, 60, 60", "Center" : "30, 30" },
	"character_knuckles_glide_turn_right_0x3c": { "File": "character_knuckles_glide_turn.bmp", "Rect" : "768, 448, 60, 60", "Center" : "30, 30" },
	"character_knuckles_glide_turn_right_0x3d": { "File": "character_knuckles_glide_turn.bmp", "Rect" : "832, 448, 60, 60", "Center" : "30, 30" },
	"character_knuckles_glide_turn_right_0x3e": { "File": "character_knuckles_glide_turn.bmp", "Rect" : "896, 448, 60, 60", "Center" : "30, 30" },
	"character_knuckles_glide_turn_right_0x3f": { "File": "character_knuckles_glide_turn.bmp", "Rect" : "960, 448, 60, 60", "Center" : "30, 30" }
}
