{
	"character_hyperknuckles_glide_turn_left_0x00": { "File": "character_hyperknuckles_glide_turn.bmp", "Rect" : "0, 0, 60, 60", "Center" : "30, 30" },
	"character_hyperknuckles_glide_turn_left_0x01": { "File": "character_hyperknuckles_glide_turn.bmp", "Rect" : "256, 0, 60, 60", "Center" : "30, 30" },
	"character_hyperknuckles_glide_turn_left_0x02": { "File": "character_hyperknuckles_glide_turn.bmp", "Rect" : "512, 0, 60, 60", "Center" : "30, 30" },
	"character_hyperknuckles_glide_turn_left_0x03": { "File": "character_hyperknuckles_glide_turn.bmp", "Rect" : "768, 0, 60, 60", "Center" : "30, 30" },
	"character_hyperknuckles_glide_turn_left_0x04": { "File": "character_hyperknuckles_glide_turn.bmp", "Rect" : "0, 64, 60, 60", "Center" : "30, 30" },
	"character_hyperknuckles_glide_turn_left_0x05": { "File": "character_hyperknuckles_glide_turn.bmp", "Rect" : "256, 64, 60, 60", "Center" : "30, 30" },
	"character_hyperknuckles_glide_turn_left_0x06": { "File": "character_hyperknuckles_glide_turn.bmp", "Rect" : "512, 64, 60, 60", "Center" : "30, 30" },
	"character_hyperknuckles_glide_turn_left_0x07": { "File": "character_hyperknuckles_glide_turn.bmp", "Rect" : "768, 64, 60, 60", "Center" : "30, 30" },
	"character_hyperknuckles_glide_turn_left_0x08": { "File": "character_hyperknuckles_glide_turn.bmp", "Rect" : "0, 128, 60, 60", "Center" : "30, 30" },
	"character_hyperknuckles_glide_turn_left_0x09": { "File": "character_hyperknuckles_glide_turn.bmp", "Rect" : "256, 128, 60, 60", "Center" : "30, 30" },
	"character_hyperknuckles_glide_turn_left_0x0a": { "File": "character_hyperknuckles_glide_turn.bmp", "Rect" : "512, 128, 60, 60", "Center" : "30, 30" },
	"character_hyperknuckles_glide_turn_left_0x0b": { "File": "character_hyperknuckles_glide_turn.bmp", "Rect" : "768, 128, 60, 60", "Center" : "30, 30" },
	"character_hyperknuckles_glide_turn_left_0x0c": { "File": "character_hyperknuckles_glide_turn.bmp", "Rect" : "0, 192, 60, 60", "Center" : "30, 30" },
	"character_hyperknuckles_glide_turn_left_0x0d": { "File": "character_hyperknuckles_glide_turn.bmp", "Rect" : "256, 192, 60, 60", "Center" : "30, 30" },
	"character_hyperknuckles_glide_turn_left_0x0e": { "File": "character_hyperknuckles_glide_turn.bmp", "Rect" : "512, 192, 60, 60", "Center" : "30, 30" },
	"character_hyperknuckles_glide_turn_left_0x0f": { "File": "character_hyperknuckles_glide_turn.bmp", "Rect" : "768, 192, 60, 60", "Center" : "30, 30" },
	"character_hyperknuckles_glide_turn_right_0x00": { "File": "character_hyperknuckles_glide_turn.bmp", "Rect" : "0, 256, 60, 60", "Center" : "30, 30" },
	"character_hyperknuckles_glide_turn_right_0x01": { "File": "character_hyperknuckles_glide_turn.bmp", "Rect" : "256, 256, 60, 60", "Center" : "30, 30" },
	"character_hyperknuckles_glide_turn_right_0x02": { "File": "character_hyperknuckles_glide_turn.bmp", "Rect" : "512, 256, 60, 60", "Center" : "30, 30" },
	"character_hyperknuckles_glide_turn_right_0x03": { "File": "character_hyperknuckles_glide_turn.bmp", "Rect" : "768, 256, 60, 60", "Center" : "30, 30" },
	"character_hyperknuckles_glide_turn_right_0x04": { "File": "character_hyperknuckles_glide_turn.bmp", "Rect" : "0, 320, 60, 60", "Center" : "30, 30" },
	"character_hyperknuckles_glide_turn_right_0x05": { "File": "character_hyperknuckles_glide_turn.bmp", "Rect" : "256, 320, 60, 60", "Center" : "30, 30" },
	"character_hyperknuckles_glide_turn_right_0x06": { "File": "character_hyperknuckles_glide_turn.bmp", "Rect" : "512, 320, 60, 60", "Center" : "30, 30" },
	"character_hyperknuckles_glide_turn_right_0x07": { "File": "character_hyperknuckles_glide_turn.bmp", "Rect" : "768, 320, 60, 60", "Center" : "30, 30" },
	"character_hyperknuckles_glide_turn_right_0x08": { "File": "character_hyperknuckles_glide_turn.bmp", "Rect" : "0, 384, 60, 60", "Center" : "30, 30" },
	"character_hyperknuckles_glide_turn_right_0x09": { "File": "character_hyperknuckles_glide_turn.bmp", "Rect" : "256, 384, 60, 60", "Center" : "30, 30" },
	"character_hyperknuckles_glide_turn_right_0x0a": { "File": "character_hyperknuckles_glide_turn.bmp", "Rect" : "512, 384, 60, 60", "Center" : "30, 30" },
	"character_hyperknuckles_glide_turn_right_0x0b": { "File": "character_hyperknuckles_glide_turn.bmp", "Rect" : "768, 384, 60, 60", "Center" : "30, 30" },
	"character_hyperknuckles_glide_turn_right_0x0c": { "File": "character_hyperknuckles_glide_turn.bmp", "Rect" : "0, 448, 60, 60", "Center" : "30, 30" },
	"character_hyperknuckles_glide_turn_right_0x0d": { "File": "character_hyperknuckles_glide_turn.bmp", "Rect" : "256, 448, 60, 60", "Center" : "30, 30" },
	"character_hyperknuckles_glide_turn_right_0x0e": { "File": "character_hyperknuckles_glide_turn.bmp", "Rect" : "512, 448, 60, 60", "Center" : "30, 30" },
	"character_hyperknuckles_glide_turn_right_0x0f": { "File": "character_hyperknuckles_glide_turn.bmp", "Rect" : "768, 448, 60, 60", "Center" : "30, 30" }
}
