{
	// Left
	"character_knuckles_glide_right_0x00": { "File": "character_knuckles_glide.bmp", "Rect" : "0, 0, 60, 60", "Center" : "30, 30" },
	"character_knuckles_glide_right_0x01": { "File": "character_knuckles_glide.bmp", "Rect" : "64, 0, 60, 60", "Center" : "30, 30" },
	"character_knuckles_glide_right_0x02": { "File": "character_knuckles_glide.bmp", "Rect" : "128, 0, 60, 60", "Center" : "30, 30" },
	"character_knuckles_glide_right_0x03": { "File": "character_knuckles_glide.bmp", "Rect" : "192, 0, 60, 60", "Center" : "30, 30" },

	// Right
	"character_knuckles_glide_left_0x00": { "File": "character_knuckles_glide.bmp", "Rect" : "0, 64, 60, 60", "Center" : "30, 30" },
	"character_knuckles_glide_left_0x01": { "File": "character_knuckles_glide.bmp", "Rect" : "64, 64, 60, 60", "Center" : "30, 30" },
	"character_knuckles_glide_left_0x02": { "File": "character_knuckles_glide.bmp", "Rect" : "128, 64, 60, 60", "Center" : "30, 30" },
	"character_knuckles_glide_left_0x03": { "File": "character_knuckles_glide.bmp", "Rect" : "192, 64, 60, 60", "Center" : "30, 30" }
}
