{
	"character_hypertails_0x01": { "File": "character_hypertails.bmp", "Rect": "1,4,45,40", "Center": "28,20" },
	"character_hypertails_0x02": { "File": "character_hypertails.bmp", "Rect": "50,8,43,32", "Center": "30,16" },
	"character_hypertails_0x03": { "File": "character_hypertails.bmp", "Rect": "97,8,45,32", "Center": "26,16" },
	"character_hypertails_0x04": { "File": "character_hypertails.bmp", "Rect": "146,8,44,32", "Center": "28,16" },
	"character_hypertails_0x05": { "File": "character_hypertails.bmp", "Rect": "194,4,44,40", "Center": "28,20" },
	"character_hypertails_0x06": { "File": "character_hypertails.bmp", "Rect": "242,8,44,32", "Center": "28,16" },
	"character_hypertails_0x07": { "File": "character_hypertails.bmp", "Rect": "290,8,44,32", "Center": "28,16" },
	"character_hypertails_0x08": { "File": "character_hypertails.bmp", "Rect": "338,8,44,32", "Center": "28,16" },
	"character_hypertails_0x09": { "File": "character_hypertails.bmp", "Rect": "392,4,32,40", "Center": "14,18" },
	"character_hypertails_0x0a": { "File": "character_hypertails.bmp", "Rect": "436,4,40,40", "Center": "15,16" },
	"character_hypertails_0x0b": { "File": "character_hypertails.bmp", "Rect": "488,0,32,48", "Center": "16,22" },
	"character_hypertails_0x0c": { "File": "character_hypertails.bmp", "Rect": "532,4,40,40", "Center": "18,17" },
	"character_hypertails_0x0d": { "File": "character_hypertails.bmp", "Rect": "584,4,32,40", "Center": "14,19" },
	"character_hypertails_0x0e": { "File": "character_hypertails.bmp", "Rect": "628,4,40,40", "Center": "17,14" },
	"character_hypertails_0x0f": { "File": "character_hypertails.bmp", "Rect": "680,4,32,40", "Center": "17,16" },
	"character_hypertails_0x10": { "File": "character_hypertails.bmp", "Rect": "724,4,40,40", "Center": "20,20" },
	"character_hypertails_0x11": { "File": "character_hypertails.bmp", "Rect": "8,48,32,48", "Center": "16,18" },
	"character_hypertails_0x12": { "File": "character_hypertails.bmp", "Rect": "56,51,32,42", "Center": "16,14" },
	"character_hypertails_0x13": { "File": "character_hypertails.bmp", "Rect": "104,51,32,42", "Center": "16,14" },
	"character_hypertails_0x14": { "File": "character_hypertails.bmp", "Rect": "152,51,32,42", "Center": "16,12" },
	"character_hypertails_0x15": { "File": "character_hypertails.bmp", "Rect": "200,48,32,47", "Center": "16,19" },
	"character_hypertails_0x16": { "File": "character_hypertails.bmp", "Rect": "248,51,32,42", "Center": "16,12" },
	"character_hypertails_0x17": { "File": "character_hypertails.bmp", "Rect": "296,50,32,43", "Center": "16,15" },
	"character_hypertails_0x18": { "File": "character_hypertails.bmp", "Rect": "344,53,32,38", "Center": "16,12" },
	"character_hypertails_0x19": { "File": "character_hypertails.bmp", "Rect": "388,56,40,32", "Center": "19,17" },
	"character_hypertails_0x1a": { "File": "character_hypertails.bmp", "Rect": "436,52,40,40", "Center": "16,24" },
	"character_hypertails_0x1b": { "File": "character_hypertails.bmp", "Rect": "480,56,48,32", "Center": "23,16" },
	"character_hypertails_0x1c": { "File": "character_hypertails.bmp", "Rect": "532,52,40,40", "Center": "18,22" },
	"character_hypertails_0x1d": { "File": "character_hypertails.bmp", "Rect": "580,56,40,32", "Center": "17,17" },
	"character_hypertails_0x1e": { "File": "character_hypertails.bmp", "Rect": "628,52,40,40", "Center": "16,23" },
	"character_hypertails_0x1f": { "File": "character_hypertails.bmp", "Rect": "676,56,40,32", "Center": "16,15" },
	"character_hypertails_0x20": { "File": "character_hypertails.bmp", "Rect": "724,52,40,40", "Center": "20,20" },
	"character_hypertails_0x21": { "File": "character_hypertails.bmp", "Rect": "5,104,38,32", "Center": "22,16" },
	"character_hypertails_0x22": { "File": "character_hypertails.bmp", "Rect": "53,104,38,32", "Center": "22,16" },
	"character_hypertails_0x23": { "File": "character_hypertails.bmp", "Rect": "101,104,38,32", "Center": "22,16" },
	"character_hypertails_0x24": { "File": "character_hypertails.bmp", "Rect": "149,104,38,32", "Center": "22,16" },
	"character_hypertails_0x25": { "File": "character_hypertails.bmp", "Rect": "200,96,32,48", "Center": "24,20" },
	"character_hypertails_0x26": { "File": "character_hypertails.bmp", "Rect": "246,100,36,40", "Center": "28,19" },
	"character_hypertails_0x27": { "File": "character_hypertails.bmp", "Rect": "300,100,24,40", "Center": "16,20" },
	"character_hypertails_0x28": { "File": "character_hypertails.bmp", "Rect": "347,98,25,43", "Center": "17,19" },
	"character_hypertails_0x29": { "File": "character_hypertails.bmp", "Rect": "392,101,32,38", "Center": "16,16" },
	"character_hypertails_0x2a": { "File": "character_hypertails.bmp", "Rect": "440,101,32,38", "Center": "16,16" },
	"character_hypertails_0x2b": { "File": "character_hypertails.bmp", "Rect": "488,101,32,38", "Center": "16,16" },
	"character_hypertails_0x2c": { "File": "character_hypertails.bmp", "Rect": "536,101,32,38", "Center": "16,16" },
	"character_hypertails_0x2d": { "File": "character_hypertails.bmp", "Rect": "578,106,43,28", "Center": "20,8" },
	"character_hypertails_0x2e": { "File": "character_hypertails.bmp", "Rect": "628,105,40,30", "Center": "21,8" },
	"character_hypertails_0x2f": { "File": "character_hypertails.bmp", "Rect": "676,108,40,24", "Center": "20,8" },
	"character_hypertails_0x30": { "File": "character_hypertails.bmp", "Rect": "724,108,40,24", "Center": "21,8" },
	"character_hypertails_0x31": { "File": "character_hypertails.bmp", "Rect": "12,152,24,32", "Center": "15,16" },
	"character_hypertails_0x32": { "File": "character_hypertails.bmp", "Rect": "60,148,24,40", "Center": "15,20" },
	"character_hypertails_0x33": { "File": "character_hypertails.bmp", "Rect": "108,152,24,32", "Center": "13,19" },
	"character_hypertails_0x34": { "File": "character_hypertails.bmp", "Rect": "156,156,24,24", "Center": "13,8" },
	"character_hypertails_0x35": { "File": "character_hypertails.bmp", "Rect": "204,152,24,32", "Center": "13,13" },
	"character_hypertails_0x36": { "File": "character_hypertails.bmp", "Rect": "252,152,24,32", "Center": "14,17" },
	"character_hypertails_0x37": { "File": "character_hypertails.bmp", "Rect": "300,152,24,32", "Center": "14,14" },
	"character_hypertails_0x38": { "File": "character_hypertails.bmp", "Rect": "348,152,24,32", "Center": "12,16" },
	"character_hypertails_0x39": { "File": "character_hypertails.bmp", "Rect": "396,152,24,32", "Center": "12,18" },
	"character_hypertails_0x3a": { "File": "character_hypertails.bmp", "Rect": "444,156,24,24", "Center": "15,12" },
	"character_hypertails_0x3b": { "File": "character_hypertails.bmp", "Rect": "492,152,24,32", "Center": "15,12" },
	"character_hypertails_0x3c": { "File": "character_hypertails.bmp", "Rect": "540,152,24,32", "Center": "12,15" },
	"character_hypertails_0x3d": { "File": "character_hypertails.bmp", "Rect": "588,152,24,32", "Center": "14,15" },
	"character_hypertails_0x3e": { "File": "character_hypertails.bmp", "Rect": "636,152,24,32", "Center": "15,19" },
	"character_hypertails_0x3f": { "File": "character_hypertails.bmp", "Rect": "684,156,24,24", "Center": "13,13" },
	"character_hypertails_0x40": { "File": "character_hypertails.bmp", "Rect": "732,152,24,32", "Center": "14,18" },
	"character_hypertails_0x41": { "File": "character_hypertails.bmp", "Rect": "12,200,24,32", "Center": "15,16" },
	"character_hypertails_0x42": { "File": "character_hypertails.bmp", "Rect": "60,200,24,32", "Center": "16,15" },
	"character_hypertails_0x43": { "File": "character_hypertails.bmp", "Rect": "108,200,24,32", "Center": "12,16" },
	"character_hypertails_0x44": { "File": "character_hypertails.bmp", "Rect": "156,200,24,32", "Center": "15,20" },
	"character_hypertails_0x45": { "File": "character_hypertails.bmp", "Rect": "204,204,24,24", "Center": "15,12" },
	"character_hypertails_0x46": { "File": "character_hypertails.bmp", "Rect": "252,204,24,24", "Center": "17,14" },
	"character_hypertails_0x47": { "File": "character_hypertails.bmp", "Rect": "300,200,24,32", "Center": "11,19" },
	"character_hypertails_0x48": { "File": "character_hypertails.bmp", "Rect": "348,200,24,32", "Center": "15,17" },
	"character_hypertails_0x49": { "File": "character_hypertails.bmp", "Rect": "388,204,40,24", "Center": "19,14" },
	"character_hypertails_0x4a": { "File": "character_hypertails.bmp", "Rect": "440,204,32,24", "Center": "16,14" },
	"character_hypertails_0x4b": { "File": "character_hypertails.bmp", "Rect": "488,204,32,24", "Center": "17,14" },
	"character_hypertails_0x4c": { "File": "character_hypertails.bmp", "Rect": "540,200,24,32", "Center": "12,16" },
	"character_hypertails_0x4d": { "File": "character_hypertails.bmp", "Rect": "588,200,24,32", "Center": "12,16" },
	"character_hypertails_0x4e": { "File": "character_hypertails.bmp", "Rect": "632,196,32,40", "Center": "16,22" },
	"character_hypertails_0x4f": { "File": "character_hypertails.bmp", "Rect": "680,196,32,40", "Center": "16,19" },
	"character_hypertails_0x50": { "File": "character_hypertails.bmp", "Rect": "728,196,32,40", "Center": "15,21" },
	"character_hypertails_0x51": { "File": "character_hypertails.bmp", "Rect": "12,248,24,32", "Center": "14,17" },
	"character_hypertails_0x52": { "File": "character_hypertails.bmp", "Rect": "56,252,32,24", "Center": "16,12" },
	"character_hypertails_0x53": { "File": "character_hypertails.bmp", "Rect": "104,252,32,24", "Center": "16,12" },
	"character_hypertails_0x54": { "File": "character_hypertails.bmp", "Rect": "152,252,32,24", "Center": "18,13" },
	"character_hypertails_0x55": { "File": "character_hypertails.bmp", "Rect": "200,248,32,32", "Center": "16,16" },
	"character_hypertails_0x56": { "File": "character_hypertails.bmp", "Rect": "252,248,24,32", "Center": "13,16" },
	"character_hypertails_0x57": { "File": "character_hypertails.bmp", "Rect": "300,248,24,32", "Center": "9,16" },
	"character_hypertails_0x58": { "File": "character_hypertails.bmp", "Rect": "348,248,24,32", "Center": "13,16" },
	"character_hypertails_0x59": { "File": "character_hypertails.bmp", "Rect": "396,248,24,32", "Center": "13,16" },
	"character_hypertails_0x5a": { "File": "character_hypertails.bmp", "Rect": "444,248,24,32", "Center": "9,16" },
	"character_hypertails_0x5b": { "File": "character_hypertails.bmp", "Rect": "492,248,24,32", "Center": "12,16" },
	"character_hypertails_0x5c": { "File": "character_hypertails.bmp", "Rect": "528,252,48,24", "Center": "16,12" },
	"character_hypertails_0x5d": { "File": "character_hypertails.bmp", "Rect": "584,252,32,24", "Center": "3,12" },
	"character_hypertails_0x5e": { "File": "character_hypertails.bmp", "Rect": "628,252,40,24", "Center": "23,12" },
	"character_hypertails_0x5f": { "File": "character_hypertails.bmp", "Rect": "672,252,48,24", "Center": "31,12" },
	"character_hypertails_0x60": { "File": "character_hypertails.bmp", "Rect": "728,252,32,24", "Center": "12,12" },
	"character_hypertails_0x61": { "File": "character_hypertails.bmp", "Rect": "8,300,32,24", "Center": "26,12" },
	"character_hypertails_0x62": { "File": "character_hypertails.bmp", "Rect": "52,300,40,24", "Center": "20,12" },
	"character_hypertails_0x63": { "File": "character_hypertails.bmp", "Rect": "108,288,24,48", "Center": "11,24" },
	"character_hypertails_0x64": { "File": "character_hypertails.bmp", "Rect": "156,296,24,32", "Center": "12,15" },
	"character_hypertails_0x65": { "File": "character_hypertails.bmp", "Rect": "204,292,24,40", "Center": "12,23" },
	"character_hypertails_0x66": { "File": "character_hypertails.bmp", "Rect": "252,288,24,48", "Center": "12,25" },
	"character_hypertails_0x67": { "File": "character_hypertails.bmp", "Rect": "300,296,24,32", "Center": "12,16" },
	"character_hypertails_0x68": { "File": "character_hypertails.bmp", "Rect": "348,296,24,32", "Center": "12,16" },
	"character_hypertails_0x69": { "File": "character_hypertails.bmp", "Rect": "388,296,40,32", "Center": "17,17" },
	"character_hypertails_0x6a": { "File": "character_hypertails.bmp", "Rect": "440,296,32,32", "Center": "17,18" },
	"character_hypertails_0x6b": { "File": "character_hypertails.bmp", "Rect": "492,296,24,32", "Center": "13,18" },
	"character_hypertails_0x6c": { "File": "character_hypertails.bmp", "Rect": "536,300,32,24", "Center": "18,15" },
	"character_hypertails_0x6d": { "File": "character_hypertails.bmp", "Rect": "584,300,32,24", "Center": "17,13" },
	"character_hypertails_0x6e": { "File": "character_hypertails.bmp", "Rect": "632,300,32,24", "Center": "15,8" },
	"character_hypertails_0x6f": { "File": "character_hypertails.bmp", "Rect": "684,300,24,24", "Center": "12,10" },
	"character_hypertails_0x70": { "File": "character_hypertails.bmp", "Rect": "728,300,32,24", "Center": "20,10" },
	"character_hypertails_0x71": { "File": "character_hypertails.bmp", "Rect": "8,348,32,24", "Center": "17,9" },
	"character_hypertails_0x72": { "File": "character_hypertails.bmp", "Rect": "56,348,32,24", "Center": "17,10" },
	"character_hypertails_0x73": { "File": "character_hypertails.bmp", "Rect": "100,348,40,24", "Center": "17,10" },
	"character_hypertails_0x74": { "File": "character_hypertails.bmp", "Rect": "152,348,32,24", "Center": "14,11" },
	"character_hypertails_0x75": { "File": "character_hypertails.bmp", "Rect": "204,348,24,24", "Center": "14,9" },
	"character_hypertails_0x76": { "File": "character_hypertails.bmp", "Rect": "248,348,32,24", "Center": "14,12" },
	"character_hypertails_0x77": { "File": "character_hypertails.bmp", "Rect": "296,348,32,24", "Center": "16,13" },
	"character_hypertails_0x78": { "File": "character_hypertails.bmp", "Rect": "344,340,32,40", "Center": "14,26" },
	"character_hypertails_0x79": { "File": "character_hypertails.bmp", "Rect": "388,340,40,40", "Center": "26,30" },
	"character_hypertails_0x7a": { "File": "character_hypertails.bmp", "Rect": "436,344,40,32", "Center": "28,18" },
	"character_hypertails_0x7b": { "File": "character_hypertails.bmp", "Rect": "484,340,40,40", "Center": "31,12" },
	"character_hypertails_0x7c": { "File": "character_hypertails.bmp", "Rect": "536,340,32,40", "Center": "18,12" },
	"character_hypertails_0x7d": { "File": "character_hypertails.bmp", "Rect": "580,340,40,40", "Center": "13,10" },
	"character_hypertails_0x7e": { "File": "character_hypertails.bmp", "Rect": "628,344,40,32", "Center": "11,14" },
	"character_hypertails_0x7f": { "File": "character_hypertails.bmp", "Rect": "676,340,40,40", "Center": "7,27" },
	"character_hypertails_0x80": { "File": "character_hypertails.bmp", "Rect": "728,340,32,40", "Center": "17,24" },
	"character_hypertails_0x81": { "File": "character_hypertails.bmp", "Rect": "4,384,40,48", "Center": "26,23" },
	"character_hypertails_0x82": { "File": "character_hypertails.bmp", "Rect": "52,384,40,48", "Center": "26,23" },
	"character_hypertails_0x83": { "File": "character_hypertails.bmp", "Rect": "100,388,40,40", "Center": "20,24" },
	"character_hypertails_0x84": { "File": "character_hypertails.bmp", "Rect": "148,384,40,48", "Center": "26,23" },
	"character_hypertails_0x85": { "File": "character_hypertails.bmp", "Rect": "200,384,32,48", "Center": "19,23" },
	"character_hypertails_0x86": { "File": "character_hypertails.bmp", "Rect": "248,396,32,24", "Center": "8,8" },
	"character_hypertails_0x87": { "File": "character_hypertails.bmp", "Rect": "296,396,32,24", "Center": "8,8" },
	"character_hypertails_0x88": { "File": "character_hypertails.bmp", "Rect": "344,396,32,24", "Center": "8,8" },
	"character_hypertails_0x89": { "File": "character_hypertails.bmp", "Rect": "392,392,32,32", "Center": "16,16" },
	"character_hypertails_0x8a": { "File": "character_hypertails.bmp", "Rect": "440,392,32,32", "Center": "16,16" },
	"character_hypertails_0x8b": { "File": "character_hypertails.bmp", "Rect": "492,384,24,48", "Center": "15,23" },
	"character_hypertails_0x8c": { "File": "character_hypertails.bmp", "Rect": "540,384,24,48", "Center": "15,23" },
	"character_hypertails_0x8d": { "File": "character_hypertails.bmp", "Rect": "584,392,32,32", "Center": "18,18" },
	"character_hypertails_0x8e": { "File": "character_hypertails.bmp", "Rect": "632,392,32,32", "Center": "16,16" },
	"character_hypertails_0x8f": { "File": "character_hypertails.bmp", "Rect": "680,392,32,32", "Center": "16,16" },
	"character_hypertails_0x90": { "File": "character_hypertails.bmp", "Rect": "732,389,24,38", "Center": "11,23" },
	"character_hypertails_0x91": { "File": "character_hypertails.bmp", "Rect": "8,440,32,32", "Center": "11,23" },
	"character_hypertails_0x92": { "File": "character_hypertails.bmp", "Rect": "56,440,32,32", "Center": "11,23" },
	"character_hypertails_0x93": { "File": "character_hypertails.bmp", "Rect": "108,444,24,24", "Center": "11,23" },
	"character_hypertails_0x94": { "File": "character_hypertails.bmp", "Rect": "152,434,32,43", "Center": "15,23" },
	"character_hypertails_0x95": { "File": "character_hypertails.bmp", "Rect": "203,434,25,44", "Center": "12,24" },
	"character_hypertails_0x96": { "File": "character_hypertails.bmp", "Rect": "248,440,32,32", "Center": "16,16" },
	"character_hypertails_0x97": { "File": "character_hypertails.bmp", "Rect": "296,440,32,32", "Center": "16,16" },
	"character_hypertails_0x98": { "File": "character_hypertails.bmp", "Rect": "344,440,32,32", "Center": "16,16" },
	"character_hypertails_0x99": { "File": "character_hypertails.bmp", "Rect": "396,444,24,24", "Center": "6,8" },
	"character_hypertails_0x9a": { "File": "character_hypertails.bmp", "Rect": "440,440,32,32", "Center": "22,16" },
	"character_hypertails_0x9b": { "File": "character_hypertails.bmp", "Rect": "488,440,32,32", "Center": "23,16" },
	"character_hypertails_0x9c": { "File": "character_hypertails.bmp", "Rect": "536,440,32,32", "Center": "15,16" },
	"character_hypertails_0x9d": { "File": "character_hypertails.bmp", "Rect": "580,440,40,32", "Center": "26,18" },
	"character_hypertails_0x9e": { "File": "character_hypertails.bmp", "Rect": "628,440,40,32", "Center": "26,18" },
	"character_hypertails_0x9f": { "File": "character_hypertails.bmp", "Rect": "680,440,32,32", "Center": "18,15" },
	"character_hypertails_0xa0": { "File": "character_hypertails.bmp", "Rect": "728,440,32,32", "Center": "21,19" },
	"character_hypertails_0xa1": { "File": "character_hypertails.bmp", "Rect": "8,488,32,32", "Center": "21,19" },
	"character_hypertails_0xa2": { "File": "character_hypertails.bmp", "Rect": "56,488,32,32", "Center": "21,19" },
	"character_hypertails_0xa3": { "File": "character_hypertails.bmp", "Rect": "104,488,32,32", "Center": "21,19" },
	"character_hypertails_0xa4": { "File": "character_hypertails.bmp", "Rect": "152,488,32,32", "Center": "21,19" },
	"character_hypertails_0xa5": { "File": "character_hypertails.bmp", "Rect": "204,488,24,32", "Center": "12,16" },
	"character_hypertails_0xa6": { "File": "character_hypertails.bmp", "Rect": "244,484,40,40", "Center": "26,24" },
	"character_hypertails_0xa7": { "File": "character_hypertails.bmp", "Rect": "296,484,32,40", "Center": "14,19" },
	"character_hypertails_0xa8": { "File": "character_hypertails.bmp", "Rect": "344,484,32,40", "Center": "14,19" },
	"character_hypertails_0xa9": { "File": "character_hypertails.bmp", "Rect": "392,488,32,32", "Center": "18,16" },
	"character_hypertails_0xaa": { "File": "character_hypertails.bmp", "Rect": "444,488,24,32", "Center": "10,16" },
	"character_hypertails_0xab": { "File": "character_hypertails.bmp", "Rect": "492,488,24,32", "Center": "10,16" },
	"character_hypertails_0xac": { "File": "character_hypertails.bmp", "Rect": "540,488,24,32", "Center": "10,16" },
	"character_hypertails_0xad": { "File": "character_hypertails.bmp", "Rect": "588,488,24,32", "Center": "12,16" },
	"character_hypertails_0xae": { "File": "character_hypertails.bmp", "Rect": "636,488,24,32", "Center": "12,16" },
	"character_hypertails_0xaf": { "File": "character_hypertails.bmp", "Rect": "684,488,24,32", "Center": "12,16" },
	"character_hypertails_0xb0": { "File": "character_hypertails.bmp", "Rect": "732,488,24,32", "Center": "12,16" },
	"character_hypertails_0xb1": { "File": "character_hypertails.bmp", "Rect": "12,536,24,32", "Center": "12,16" },
	"character_hypertails_0xb2": { "File": "character_hypertails.bmp", "Rect": "60,536,24,32", "Center": "12,16" },
	"character_hypertails_0xb3": { "File": "character_hypertails.bmp", "Rect": "108,536,24,32", "Center": "12,16" },
	"character_hypertails_0xb4": { "File": "character_hypertails.bmp", "Rect": "156,536,24,32", "Center": "12,16" },
	"character_hypertails_0xb5": { "File": "character_hypertails.bmp", "Rect": "192,540,48,24", "Center": "24,16" },
	"character_hypertails_0xb6": { "File": "character_hypertails.bmp", "Rect": "244,540,40,24", "Center": "20,16" },
	"character_hypertails_0xb7": { "File": "character_hypertails.bmp", "Rect": "296,540,32,24", "Center": "16,16" },
	"character_hypertails_0xb8": { "File": "character_hypertails.bmp", "Rect": "340,540,40,24", "Center": "20,16" },
	"character_hypertails_0xb9": { "File": "character_hypertails.bmp", "Rect": "384,540,48,24", "Center": "24,16" },
	"character_hypertails_0xba": { "File": "character_hypertails.bmp", "Rect": "436,540,40,24", "Center": "20,16" },
	"character_hypertails_0xbb": { "File": "character_hypertails.bmp", "Rect": "488,540,32,24", "Center": "16,16" },
	"character_hypertails_0xbc": { "File": "character_hypertails.bmp", "Rect": "532,540,40,24", "Center": "20,16" },
	"character_hypertails_0xbd": { "File": "character_hypertails.bmp", "Rect": "580,536,40,32", "Center": "22,14" },
	"character_hypertails_0xbe": { "File": "character_hypertails.bmp", "Rect": "628,536,40,32", "Center": "20,14" },
	"character_hypertails_0xbf": { "File": "character_hypertails.bmp", "Rect": "676,536,40,32", "Center": "18,14" },
	"character_hypertails_0xc0": { "File": "character_hypertails.bmp", "Rect": "724,536,40,32", "Center": "22,14" },
	"character_hypertails_0xc1": { "File": "character_hypertails.bmp", "Rect": "4,584,40,32", "Center": "19,14" },
	"character_hypertails_0xc2": { "File": "character_hypertails.bmp", "Rect": "52,584,40,32", "Center": "21,19" },
	"character_hypertails_0xc3": { "File": "character_hypertails.bmp", "Rect": "101,584,37,32", "Center": "21,16" },
	"character_hypertails_0xc4": { "File": "character_hypertails.bmp", "Rect": "149,584,37,32", "Center": "21,16" },
	"character_hypertails_0xc5": { "File": "character_hypertails.bmp", "Rect": "200,580,31,40", "Center": "23,20" },
	"character_hypertails_0xc6": { "File": "character_hypertails.bmp", "Rect": "248,580,31,40", "Center": "23,20" },
	"character_hypertails_0xc7": { "File": "character_hypertails.bmp", "Rect": "296,581,32,37", "Center": "16,16" },
	"character_hypertails_0xc8": { "File": "character_hypertails.bmp", "Rect": "344,581,32,37", "Center": "16,16" },
	"character_hypertails_0xc9": { "File": "character_hypertails.bmp", "Rect": "388,584,40,31", "Center": "20,8" },
	"character_hypertails_0xca": { "File": "character_hypertails.bmp", "Rect": "436,584,40,31", "Center": "20,8" },
	"character_hypertails_0xcb": { "File": "character_hypertails.bmp", "Rect": "488,584,32,32", "Center": "16,8" },
	"character_hypertails_0xcc": { "File": "character_hypertails.bmp", "Rect": "536,584,32,32", "Center": "16,8" },
	"character_hypertails_0xcd": { "File": "character_hypertails.bmp", "Rect": "580,584,40,32", "Center": "21,19" },
	"character_hypertails_0xce": { "File": "character_hypertails.bmp", "Rect": "628,584,40,32", "Center": "21,19" },
	"character_hypertails_0xcf": { "File": "character_hypertails.bmp", "Rect": "684,580,24,40", "Center": "12,26" },
	"character_hypertails_0xd0": { "File": "character_hypertails.bmp", "Rect": "732,580,24,40", "Center": "12,26" },
	"character_hypertails_0xd1": { "File": "character_hypertails.bmp", "Rect": "8,628,32,40", "Center": "16,20" },
	"character_hypertails_0xd2": { "File": "character_hypertails.bmp", "Rect": "56,628,32,40", "Center": "16,20" },
	"character_hypertails_0xd3": { "File": "character_hypertails.bmp", "Rect": "104,628,32,40", "Center": "16,20" },
	"character_hypertails_0xd4": { "File": "character_hypertails.bmp", "Rect": "152,628,32,40", "Center": "16,20" },
	"character_hypertails_0xd5": { "File": "character_hypertails.bmp", "Rect": "200,628,32,40", "Center": "16,20" },
	"character_hypertails_0xd6": { "File": "character_hypertails.bmp", "Rect": "248,628,32,40", "Center": "16,20" },
	"character_hypertails_0xd7": { "File": "character_hypertails.bmp", "Rect": "296,628,32,40", "Center": "16,20" },
	"character_hypertails_0xd8": { "File": "character_hypertails.bmp", "Rect": "344,628,32,40", "Center": "16,20" },
	"character_hypertails_0xd9": { "File": "character_hypertails.bmp", "Rect": "392,628,32,40", "Center": "16,20" },
	"character_hypertails_0xda": { "File": "character_hypertails.bmp", "Rect": "440,628,32,40", "Center": "16,20" },
	"character_hypertails_0xdb": { "File": "character_hypertails.bmp", "Rect": "488,628,32,40", "Center": "16,20" },
	"character_hypertails_0xdc": { "File": "character_hypertails.bmp", "Rect": "536,628,32,40", "Center": "16,20" },
	"character_hypertails_0xdd": { "File": "character_hypertails.bmp", "Rect": "584,628,32,40", "Center": "16,20" },
	"character_hypertails_0xde": { "File": "character_hypertails.bmp", "Rect": "632,628,32,40", "Center": "16,20" },
	"character_hypertails_0xdf": { "File": "character_hypertails.bmp", "Rect": "680,628,32,40", "Center": "16,20" },
	"character_hypertails_0xe0": { "File": "character_hypertails.bmp", "Rect": "732,632,24,32", "Center": "12,17" },
	"character_hypertails_0xe1": { "File": "character_hypertails.bmp", "Rect": "12,676,24,40", "Center": "10,20" },
	"character_hypertails_0xe2": { "File": "character_hypertails.bmp", "Rect": "60,676,24,40", "Center": "12,20" },
	"character_hypertails_0xe3": { "File": "character_hypertails.bmp", "Rect": "104,676,32,40", "Center": "14,20" },
	"character_hypertails_0xe4": { "File": "character_hypertails.bmp", "Rect": "152,676,32,40", "Center": "18,20" },
	"character_hypertails_0xe5": { "File": "character_hypertails.bmp", "Rect": "200,676,32,40", "Center": "12,20" },
	"character_hypertails_0xe6": { "File": "character_hypertails.bmp", "Rect": "252,676,24,40", "Center": "12,20" },
	"character_hypertails_0xe7": { "File": "character_hypertails.bmp", "Rect": "300,676,24,40", "Center": "11,20" },
	"character_hypertails_0xe8": { "File": "character_hypertails.bmp", "Rect": "348,676,24,40", "Center": "12,20" },
	"character_hypertails_0xe9": { "File": "character_hypertails.bmp", "Rect": "396,676,24,40", "Center": "14,20" },
	"character_hypertails_0xea": { "File": "character_hypertails.bmp", "Rect": "444,676,24,40", "Center": "11,20" },
	"character_hypertails_0xeb": { "File": "character_hypertails.bmp", "Rect": "492,684,24,24", "Center": "12,12" },
	"character_hypertails_0xec": { "File": "character_hypertails.bmp", "Rect": "536,676,32,40", "Center": "16,20" },
	"character_hypertails_0xed": { "File": "character_hypertails.bmp", "Rect": "584,676,32,40", "Center": "16,20" },
	"character_hypertails_0xee": { "File": "character_hypertails.bmp", "Rect": "632,676,32,40", "Center": "16,20" },
	"character_hypertails_0xef": { "File": "character_hypertails.bmp", "Rect": "680,680,32,32", "Center": "16,16" },
	"character_hypertails_0xf0": { "File": "character_hypertails.bmp", "Rect": "728,680,32,32", "Center": "16,16" },
	"character_hypertails_0xf1": { "File": "character_hypertails.bmp", "Rect": "8,728,32,32", "Center": "16,16" },
	"character_hypertails_0xf2": { "File": "character_hypertails.bmp", "Rect": "56,728,32,32", "Center": "16,16" },
	"character_hypertails_0xf3": { "File": "character_hypertails.bmp", "Rect": "104,728,32,32", "Center": "16,16" },
	"character_hypertails_0xf4": { "File": "character_hypertails.bmp", "Rect": "152,728,32,32", "Center": "16,16" },
	"character_hypertails_0xf5": { "File": "character_hypertails.bmp", "Rect": "200,728,32,32", "Center": "16,16" },
	"character_hypertails_0xf6": { "File": "character_hypertails.bmp", "Rect": "248,728,32,32", "Center": "16,16" },
	"character_hypertails_0xf7": { "File": "character_hypertails.bmp", "Rect": "296,728,32,32", "Center": "16,16" },
	"character_hypertails_0xf8": { "File": "character_hypertails.bmp", "Rect": "344,728,32,32", "Center": "16,16" },
	"character_hypertails_0xf9": { "File": "character_hypertails.bmp", "Rect": "392,728,32,32", "Center": "16,16" },
	"character_hypertails_0xfa": { "File": "character_hypertails.bmp", "Rect": "440,728,32,32", "Center": "16,16" }
}
