{
	"bluesphere_sonic_0x01":  { "File": "bluesphere_shadow.png", "Rect": "0,8,30,40", "Center": "16,35" },
	"bluesphere_shadow_1":  { "File": "bluesphere_shadow.png", "Rect": "30,0,37,53", "Center": "14,43" },
	"bluesphere_shadow_2":  { "File": "bluesphere_shadow.png", "Rect": "68,0,35,56", "Center": "15,43" },
	"bluesphere_shadow_3":  { "File": "bluesphere_shadow.png", "Rect": "104,0,35,56", "Center": "14,43" },
	"bluesphere_shadow_4":  { "File": "bluesphere_shadow.png", "Rect": "140,0,31,56", "Center": "16,43" },
	"bluesphere_shadow_5":  { "File": "bluesphere_shadow.png", "Rect": "172,0,37,56", "Center": "23,43" },
	"bluesphere_shadow_6":  { "File": "bluesphere_shadow.png", "Rect": "210,0,35,56", "Center": "20,43" },
	"bluesphere_shadow_7":  { "File": "bluesphere_shadow.png", "Rect": "246,0,35,56", "Center": "21,43" },
	"bluesphere_shadow_8":  { "File": "bluesphere_shadow.png", "Rect": "282,0,31,56", "Center": "15,43" },
	"bluesphere_sonic_0x09":  { "File": "bluesphere_shadow.png", "Rect": "313,9,30,32", "Center": "15,38" },
	"bluesphere_sonic_0x0a":  { "File": "bluesphere_shadow.png", "Rect": "344,9,32,32", "Center": "16,38" },
	"bluesphere_sonic_0x0b":  { "File": "bluesphere_shadow.png", "Rect": "376,9,32,32", "Center": "16,38" },
	"bluesphere_sonic_0x02":  { "File": "bluesphere_shadow.png", "Rect": "0,8,30,40", "Center": "16,35" },
	"bluesphere_sonic_0x03":  { "File": "bluesphere_shadow.png", "Rect": "0,8,30,40", "Center": "16,35" },
	"bluesphere_sonic_0x04":  { "File": "bluesphere_shadow.png", "Rect": "0,8,30,40", "Center": "16,35" },
	"bluesphere_sonic_0x05":  { "File": "bluesphere_shadow.png", "Rect": "0,8,30,40", "Center": "16,35" },
	"bluesphere_sonic_0x06":  { "File": "bluesphere_shadow.png", "Rect": "0,8,30,40", "Center": "16,35" },
	"bluesphere_sonic_0x07":  { "File": "bluesphere_shadow.png", "Rect": "0,8,30,40", "Center": "16,35" },
	"bluesphere_sonic_0x08":  { "File": "bluesphere_shadow.png", "Rect": "0,8,30,40", "Center": "16,35" },
}