{
	"3d2dshadow_boostbar_0":  { "File": "boostBar.png", "Rect": "1,4,15,107", "Center": "0,0" },
	"3d2dshadow_boostbar_1":  { "File": "boostBar.png", "Rect": "17,4,15,107", "Center": "0,0" },
	"3d2dshadow_boostbar_2":  { "File": "boostBar.png", "Rect": "33,4,15,107", "Center": "0,0" },
	"3d2dshadow_boostbar_3":  { "File": "boostBar.png", "Rect": "49,4,15,107", "Center": "0,0" },
	"3d2dshadow_boostbar_4":  { "File": "boostBar.png", "Rect": "65,4,15,107", "Center": "0,0" },
	"3d2dshadow_boostbar_5":  { "File": "boostBar.png", "Rect": "81,4,15,107", "Center": "0,0" },
	"3d2dshadow_boostbar_6":  { "File": "boostBar.png", "Rect": "97,4,15,107", "Center": "0,0" },
	"3d2dshadow_boostbar_7":  { "File": "boostBar.png", "Rect": "113,4,15,107", "Center": "0,0" },
	"3d2dshadow_boostbar_8":  { "File": "boostBar.png", "Rect": "129,4,15,107", "Center": "0,0" },
	"3d2dshadow_boostbar_9":  { "File": "boostBar.png", "Rect": "145,4,15,107", "Center": "0,0" },
	"3d2dshadow_boostbar_10":  { "File": "boostBar.png", "Rect": "161,4,15,107", "Center": "0,0" },
	"3d2dshadow_boostbar_11":  { "File": "boostBar.png", "Rect": "177,4,15,107", "Center": "0,0" },
	"3d2dshadow_boostbar_12":  { "File": "boostBar.png", "Rect": "193,4,15,107", "Center": "0,0" },
	"3d2dshadow_boostbar_13":  { "File": "boostBar.png", "Rect": "209,4,15,107", "Center": "0,0" },
	"3d2dshadow_boostbar_14":  { "File": "boostBar.png", "Rect": "225,4,15,107", "Center": "0,0" },
	"3d2dshadow_boostbar_15":  { "File": "boostBar.png", "Rect": "241,4,15,107", "Center": "0,0" },
	"3d2dshadow_boostbar_16":  { "File": "boostBar.png", "Rect": "257,4,15,107", "Center": "0,0" },
	"3d2dshadow_boostbar_17":  { "File": "boostBar.png", "Rect": "273,4,15,107", "Center": "0,0" },
	"3d2dshadow_boostbar_18":  { "File": "boostBar.png", "Rect": "289,4,15,107", "Center": "0,0" },
	"3d2dshadow_boostbar_19":  { "File": "boostBar.png", "Rect": "305,4,15,107", "Center": "0,0" },
	"3d2dshadow_boostbar_20":  { "File": "boostBar.png", "Rect": "1,116,15,107", "Center": "0,0" },
	"3d2dshadow_boostbar_21":  { "File": "boostBar.png", "Rect": "17,116,15,107", "Center": "0,0" },
	"3d2dshadow_boostbar_22":  { "File": "boostBar.png", "Rect": "33,116,15,107", "Center": "0,0" },
	"3d2dshadow_boostbar_23":  { "File": "boostBar.png", "Rect": "49,116,15,107", "Center": "0,0" },
	"3d2dshadow_boostbar_24":  { "File": "boostBar.png", "Rect": "65,116,15,107", "Center": "0,0" },
	"3d2dshadow_boostbar_25":  { "File": "boostBar.png", "Rect": "81,116,15,107", "Center": "0,0" },
	"3d2dshadow_boostbar_26":  { "File": "boostBar.png", "Rect": "97,116,15,107", "Center": "0,0" },
	"3d2dshadow_boostbar_27":  { "File": "boostBar.png", "Rect": "113,116,15,107", "Center": "0,0" },
	"3d2dshadow_boostbar_28":  { "File": "boostBar.png", "Rect": "129,116,15,107", "Center": "0,0" },
	"3d2dshadow_boostbar_29":  { "File": "boostBar.png", "Rect": "145,116,15,107", "Center": "0,0" },
	"3d2dshadow_boostbar_30":  { "File": "boostBar.png", "Rect": "161,116,15,107", "Center": "0,0" },
	"3d2dshadow_boostbar_31":  { "File": "boostBar.png", "Rect": "177,116,15,107", "Center": "0,0" },
	"3d2dshadow_boostbar_32":  { "File": "boostBar.png", "Rect": "193,116,15,107", "Center": "0,0" },
	"3d2dshadow_boostbar_33":  { "File": "boostBar.png", "Rect": "209,116,15,107", "Center": "0,0" },
	"3d2dshadow_boostbar_34":  { "File": "boostBar.png", "Rect": "225,116,15,107", "Center": "0,0" },
	"3d2dshadow_boostbar_35":  { "File": "boostBar.png", "Rect": "241,116,15,107", "Center": "0,0" },
	"3d2dshadow_boostbar_36":  { "File": "boostBar.png", "Rect": "257,116,15,107", "Center": "0,0" },
	"3d2dshadow_boostbar_37":  { "File": "boostBar.png", "Rect": "273,116,15,107", "Center": "0,0" },
	"3d2dshadow_boostbar_38":  { "File": "boostBar.png", "Rect": "289,116,15,107", "Center": "0,0" },
	"3d2dshadow_boostbar_39":  { "File": "boostBar.png", "Rect": "305,116,15,107", "Center": "0,0" },
	"3d2dshadow_boostbar_40":  { "File": "boostBar.png", "Rect": "1,228,15,107", "Center": "0,0" },
	"3d2dshadow_boostbar_41":  { "File": "boostBar.png", "Rect": "17,228,15,107", "Center": "0,0" },
	"3d2dshadow_boostbar_42":  { "File": "boostBar.png", "Rect": "33,228,15,107", "Center": "0,0" },
	"3d2dshadow_boostbar_43":  { "File": "boostBar.png", "Rect": "49,228,15,107", "Center": "0,0" },
	"3d2dshadow_boostbar_44":  { "File": "boostBar.png", "Rect": "65,228,15,107", "Center": "0,0" },
	"3d2dshadow_boostbar_45":  { "File": "boostBar.png", "Rect": "81,228,15,107", "Center": "0,0" },
	"3d2dshadow_boostbar_46":  { "File": "boostBar.png", "Rect": "97,228,15,107", "Center": "0,0" },
	"3d2dshadow_boostbar_47":  { "File": "boostBar.png", "Rect": "113,228,15,107", "Center": "0,0" },
	"3d2dshadow_boostbar_48":  { "File": "boostBar.png", "Rect": "129,228,15,107", "Center": "0,0" },
	"3d2dshadow_boostbar_49":  { "File": "boostBar.png", "Rect": "145,228,15,107", "Center": "0,0" },
	"3d2dshadow_boostbar_50":  { "File": "boostBar.png", "Rect": "161,228,15,107", "Center": "0,0" },
	"3d2dshadow_boostbar_51":  { "File": "boostBar.png", "Rect": "177,228,15,107", "Center": "0,0" },
	"3d2dshadow_boostbar_52":  { "File": "boostBar.png", "Rect": "193,228,15,107", "Center": "0,0" },
	"3d2dshadow_boostbar_53":  { "File": "boostBar.png", "Rect": "209,228,15,107", "Center": "0,0" },
	"3d2dshadow_boostbar_54":  { "File": "boostBar.png", "Rect": "225,228,15,107", "Center": "0,0" },
	"3d2dshadow_boostbar_55":  { "File": "boostBar.png", "Rect": "241,228,15,107", "Center": "0,0" },
	"3d2dshadow_boostbar_56":  { "File": "boostBar.png", "Rect": "257,228,15,107", "Center": "0,0" },
	"3d2dshadow_boostbar_57":  { "File": "boostBar.png", "Rect": "273,228,15,107", "Center": "0,0" },
	"3d2dshadow_boostbar_58":  { "File": "boostBar.png", "Rect": "289,228,15,107", "Center": "0,0" },
	"3d2dshadow_boostbar_59":  { "File": "boostBar.png", "Rect": "305,228,15,107", "Center": "0,0" },
	"3d2dshadow_boostbar_60":  { "File": "boostBar.png", "Rect": "321,228,15,107", "Center": "0,0" }
}