{
	"hud_lives_icon_sonic":  { "File": "interface.png", "Rect": "0,0,55,16", "Center": "0,0" },
	"hud_bonus_icon_blue":  { "File": "interface.png", "Rect": "2,57,12,19", "Center": "0,0" },
	"continue_icon_sonic":  { "File": "interface.png", "Rect": "0,32,17,24", "Center": "9,23" },
	"monitor_icon_sonic":  { "File": "interface.png", "Rect": "0,0,16,16", "Center": "8,8" },
	"dataSel_character_sonic":  { "File": "interface.png", "Rect": "38,16,28,39", "Center": "13,39" },
	"dataSel_lifeContinue_sonic":  { "File": "interface.png", "Rect": "18,16,20,40", "Center": "16,-8" },
	"dataSel_life_sonic":  { "File": "interface.png", "Rect": "18,16,20,16", "Center": "16,-8" },
	"goal_shadow":  { "File": "interface.png", "Rect": "66,0,48,32", "Center": "24,16" },
	"goal_shadow_UW":  { "File": "interface.png", "Rect": "66,32,48,32", "Center": "24,16" },
	"shadow_text":  { "File": "interface.png", "Rect": "2,77,95,16", "Center": "45,8" },
	"dataSel_savePortrait_sonic":  { "File": "interface.png", "Rect": "0,104,80,56", "Center": "40,120" },
	"dataSel_savePortrait_sonicSuper":  { "File": "interface.png", "Rect": "80,104,80,56", "Center": "40,120" },
	"ShadowPose":  { "File": "interface.png", "Rect": "114,1,69,103", "Center": "33,50" },
	"ShadowMini":  { "File": "interface.png", "Rect": "23,57,12,20", "Center": "6,12" },
	"ShadowMicro":  { "File": "interface.png", "Rect": "42,60,14,12", "Center": "8,4" },
	"titlecard_bluebar":  { "File": "TitleCard_CadmiumBar.png", "Rect": "0,48,64,176", "Center": "0,0" }
}