{
	"ssj4_0x01":  { "File": "ssj4.bmp", "Rect": "0,6,54,43", "Center": "30,29" },
	"ssj4_0x02":  { "File": "ssj4.bmp", "Rect": "57,8,54,41", "Center": "29,27" },
	"ssj4_0x03":  { "File": "ssj4.bmp", "Rect": "117,8,54,40", "Center": "30,28" },
	"ssj4_0x04":  { "File": "ssj4.bmp", "Rect": "175,7,54,41", "Center": "29,28" },
	"ssj4_0x05":  { "File": "ssj4.bmp", "Rect": "0,6,54,43", "Center": "30,29" },
	"ssj4_0x06":  { "File": "ssj4.bmp", "Rect": "57,8,54,41", "Center": "29,27" },
	"ssj4_0x07":  { "File": "ssj4.bmp", "Rect": "117,8,54,40", "Center": "30,28" },
	"ssj4_0x08":  { "File": "ssj4.bmp", "Rect": "175,7,54,41", "Center": "29,28" },
	"ssj4_0x09":  { "File": "ssj4.bmp", "Rect": "456,4,40,48", "Center": "21,19" },
	"ssj4_0x0a":  { "File": "ssj4.bmp", "Rect": "508,8,48,40", "Center": "20,14" },
	"ssj4_0x0b":  { "File": "ssj4.bmp", "Rect": "568,8,40,40", "Center": "19,21" },
	"ssj4_0x0c":  { "File": "ssj4.bmp", "Rect": "620,8,48,40", "Center": "20,19" },
	"ssj4_0x0d":  { "File": "ssj4.bmp", "Rect": "680,4,40,48", "Center": "20,18" },
	"ssj4_0x0e":  { "File": "ssj4.bmp", "Rect": "732,4,48,48", "Center": "21,20" },
	"ssj4_0x0f":  { "File": "ssj4.bmp", "Rect": "792,8,40,40", "Center": "22,17" },
	"ssj4_0x10":  { "File": "ssj4.bmp", "Rect": "848,8,40,40", "Center": "20,18" },
	"ssj4_0x11":  { "File": "ssj4.bmp", "Rect": "8,64,40,40", "Center": "20,19" },
	"ssj4_0x12":  { "File": "ssj4.bmp", "Rect": "64,64,40,40", "Center": "20,19" },
	"ssj4_0x13":  { "File": "ssj4.bmp", "Rect": "120,68,40,32", "Center": "20,11" },
	"ssj4_0x14":  { "File": "ssj4.bmp", "Rect": "176,68,40,32", "Center": "20,13" },
	"ssj4_0x15":  { "File": "ssj4.bmp", "Rect": "232,64,40,40", "Center": "20,21" },
	"ssj4_0x16":  { "File": "ssj4.bmp", "Rect": "288,64,40,40", "Center": "20,20" },
	"ssj4_0x17":  { "File": "ssj4.bmp", "Rect": "344,68,40,32", "Center": "20,11" },
	"ssj4_0x18":  { "File": "ssj4.bmp", "Rect": "400,68,40,32", "Center": "20,11" },
	"ssj4_0x19":  { "File": "ssj4.bmp", "Rect": "452,64,48,40", "Center": "18,17" },
	"ssj4_0x1a":  { "File": "ssj4.bmp", "Rect": "512,60,40,48", "Center": "16,25" },
	"ssj4_0x1b":  { "File": "ssj4.bmp", "Rect": "568,64,40,40", "Center": "19,17" },
	"ssj4_0x1c":  { "File": "ssj4.bmp", "Rect": "624,60,40,48", "Center": "16,25" },
	"ssj4_0x1d":  { "File": "ssj4.bmp", "Rect": "676,64,48,40", "Center": "17,18" },
	"ssj4_0x1e":  { "File": "ssj4.bmp", "Rect": "732,60,48,48", "Center": "17,24" },
	"ssj4_0x1f":  { "File": "ssj4.bmp", "Rect": "792,64,40,40", "Center": "18,18" },
	"ssj4_0x20":  { "File": "ssj4.bmp", "Rect": "848,64,40,40", "Center": "18,18" },
	"ssj4_0x21":  { "File": "ssj4.bmp", "Rect": "1,121,61,39", "Center": "34,27" },
	"ssj4_0x22":  { "File": "ssj4.bmp", "Rect": "64,121,61,38", "Center": "35,25" },
	"ssj4_0x23":  { "File": "ssj4.bmp", "Rect": "1,121,61,39", "Center": "34,27" },
	"ssj4_0x24":  { "File": "ssj4.bmp", "Rect": "64,121,61,38", "Center": "35,25" },
	"ssj4_0x25":  { "File": "ssj4.bmp", "Rect": "232,120,40,40", "Center": "19,17" },
	"ssj4_0x26":  { "File": "ssj4.bmp", "Rect": "292,120,32,40", "Center": "16,18" },
	"ssj4_0x27":  { "File": "ssj4.bmp", "Rect": "344,120,40,40", "Center": "19,17" },
	"ssj4_0x28":  { "File": "ssj4.bmp", "Rect": "404,120,32,40", "Center": "16,18" },
	"ssj4_0x29":  { "File": "ssj4.bmp", "Rect": "456,124,40,32", "Center": "20,16" },
	"ssj4_0x2a":  { "File": "ssj4.bmp", "Rect": "512,124,40,32", "Center": "20,16" },
	"ssj4_0x2b":  { "File": "ssj4.bmp", "Rect": "568,124,40,32", "Center": "20,16" },
	"ssj4_0x2c":  { "File": "ssj4.bmp", "Rect": "624,124,40,32", "Center": "20,16" },
	"ssj4_0x2d":  { "File": "ssj4.bmp", "Rect": "680,120,40,40", "Center": "18,22" },
	"ssj4_0x2e":  { "File": "ssj4.bmp", "Rect": "736,124,40,32", "Center": "19,17" },
	"ssj4_0x2f":  { "File": "ssj4.bmp", "Rect": "792,120,40,40", "Center": "18,22" },
	"ssj4_0x30":  { "File": "ssj4.bmp", "Rect": "848,124,40,32", "Center": "19,17" },
	"ssj4_0x31":  { "File": "ssj4.bmp", "Rect": "9,166,40,58", "Center": "20,28" },
	"ssj4_0x32":  { "File": "ssj4.bmp", "Rect": "65,161,44,61", "Center": "28,30" },
	"ssj4_0x33":  { "File": "ssj4.bmp", "Rect": "120,161,54,68", "Center": "21,32" },
	"ssj4_0x34":  { "File": "ssj4.bmp", "Rect": "179,175,59,49", "Center": "27,29" },
	"ssj4_0x35":  { "File": "ssj4.bmp", "Rect": "239,170,44,56", "Center": "24,24" },
	"ssj4_0x36":  { "File": "ssj4.bmp", "Rect": "291,165,44,48", "Center": "15,23" },
	"ssj4_0x37":  { "File": "ssj4.bmp", "Rect": "346,172,40,56", "Center": "20,30" },
	"ssj4_0x38":  { "File": "ssj4.bmp", "Rect": "399,167,46,63", "Center": "29,32" },
	"ssj4_0x39":  { "File": "ssj4.bmp", "Rect": "451,163,53,67", "Center": "32,34" },
	"ssj4_0x3a":  { "File": "ssj4.bmp", "Rect": "507,171,58,48", "Center": "31,18" },
	"ssj4_0x3b":  { "File": "ssj4.bmp", "Rect": "568,167,44,54", "Center": "20,30" },
	"ssj4_0x3c":  { "File": "ssj4.bmp", "Rect": "623,175,46,48", "Center": "29,29" },
	"ssj4_0x3d":  { "File": "ssj4.bmp", "Rect": "9,166,40,58", "Center": "20,28" },
	"ssj4_0x3e":  { "File": "ssj4.bmp", "Rect": "65,161,44,61", "Center": "28,30" },
	"ssj4_0x3f":  { "File": "ssj4.bmp", "Rect": "120,161,54,68", "Center": "21,32" },
	"ssj4_0x40":  { "File": "ssj4.bmp", "Rect": "179,175,59,49", "Center": "27,29" },
	"ssj4_0x41":  { "File": "ssj4.bmp", "Rect": "239,170,44,56", "Center": "24,24" },
	"ssj4_0x42":  { "File": "ssj4.bmp", "Rect": "291,165,44,48", "Center": "15,23" },
	"ssj4_0x43":  { "File": "ssj4.bmp", "Rect": "346,172,40,56", "Center": "20,30" },
	"ssj4_0x44":  { "File": "ssj4.bmp", "Rect": "399,167,46,63", "Center": "29,32" },
	"ssj4_0x45":  { "File": "ssj4.bmp", "Rect": "451,163,53,67", "Center": "32,34" },
	"ssj4_0x46":  { "File": "ssj4.bmp", "Rect": "507,171,58,48", "Center": "31,18" },
	"ssj4_0x47":  { "File": "ssj4.bmp", "Rect": "568,167,44,54", "Center": "20,30" },
	"ssj4_0x48":  { "File": "ssj4.bmp", "Rect": "623,175,46,48", "Center": "29,29" },
	"ssj4_0x49":  { "File": "ssj4.bmp", "Rect": "570,714,40,65", "Center": "22,41" },
	"ssj4_0x4a":  { "File": "ssj4.bmp", "Rect": "739,444,40,65", "Center": "22,41" },
	"ssj4_0x4b":  { "File": "ssj4.bmp", "Rect": "570,714,40,66", "Center": "22,41" },
	"ssj4_0x4c":  { "File": "ssj4.bmp", "Rect": "739,444,40,65", "Center": "22,41" },
	"ssj4_0x4d":  { "File": "ssj4.bmp", "Rect": "570,714,40,65", "Center": "22,41" },
	"ssj4_0x4e":  { "File": "ssj4.bmp", "Rect": "739,444,40,65", "Center": "22,41" },
	"ssj4_0x4f":  { "File": "ssj4.bmp", "Rect": "570,714,40,66", "Center": "22,41" },
	"ssj4_0x50":  { "File": "ssj4.bmp", "Rect": "739,444,40,65", "Center": "22,41" },
	"ssj4_0x51":  { "File": "ssj4.bmp", "Rect": "570,714,40,66", "Center": "22,41" },
	"ssj4_0x52":  { "File": "ssj4.bmp", "Rect": "739,444,40,65", "Center": "22,41" },
	"ssj4_0x53":  { "File": "ssj4.bmp", "Rect": "570,714,40,66", "Center": "22,41" },
	"ssj4_0x54":  { "File": "ssj4.bmp", "Rect": "739,444,40,65", "Center": "22,41" },
	"ssj4_0x55":  { "File": "ssj4.bmp", "Rect": "343,275,39,67", "Center": "23,45" },
	"ssj4_0x56":  { "File": "ssj4.bmp", "Rect": "343,275,39,67", "Center": "23,45" },
	"ssj4_0x57":  { "File": "ssj4.bmp", "Rect": "343,275,39,67", "Center": "23,45" },
	"ssj4_0x58":  { "File": "ssj4.bmp", "Rect": "397,275,45,67", "Center": "19,45" },
	"ssj4_0x59":  { "File": "ssj4.bmp", "Rect": "460,273,34,69", "Center": "15,48" },
	"ssj4_0x5a":  { "File": "ssj4.bmp", "Rect": "460,273,34,69", "Center": "15,48" },
	"ssj4_0x5b":  { "File": "ssj4.bmp", "Rect": "460,273,34,69", "Center": "15,48" },
	"ssj4_0x5c":  { "File": "ssj4.bmp", "Rect": "607,288,66,42", "Center": "25,18" },
	"ssj4_0x5d":  { "File": "ssj4.bmp", "Rect": "680,296,40,24", "Center": "21,12" },
	"ssj4_0x5e":  { "File": "ssj4.bmp", "Rect": "736,296,40,24", "Center": "18,13" },
	"ssj4_0x5f":  { "File": "ssj4.bmp", "Rect": "781,286,68,43", "Center": "40,25" },
	"ssj4_0x60":  { "File": "ssj4.bmp", "Rect": "853,296,37,24", "Center": "18,12" },
	"ssj4_0x61":  { "File": "ssj4.bmp", "Rect": "8,352,40,24", "Center": "20,12" },
	"ssj4_0x62":  { "File": "ssj4.bmp", "Rect": "559,554,61,54", "Center": "29,41" },
	"ssj4_0x63":  { "File": "ssj4.bmp", "Rect": "118,329,41,69", "Center": "24,30" },
	"ssj4_0x64":  { "File": "ssj4.bmp", "Rect": "185,341,23,40", "Center": "12,21" },
	"ssj4_0x65":  { "File": "ssj4.bmp", "Rect": "240,344,24,40", "Center": "12,18" },
	"ssj4_0x66":  { "File": "ssj4.bmp", "Rect": "289,332,41,68", "Center": "16,40" },
	"ssj4_0x67":  { "File": "ssj4.bmp", "Rect": "353,345,23,42", "Center": "12,20" },
	"ssj4_0x68":  { "File": "ssj4.bmp", "Rect": "408,344,24,40", "Center": "11,19" },
	"ssj4_0x69":  { "File": "ssj4.bmp", "Rect": "9,166,40,58", "Center": "20,28" },
	"ssj4_0x6a":  { "File": "ssj4.bmp", "Rect": "65,161,44,61", "Center": "28,30" },
	"ssj4_0x6b":  { "File": "ssj4.bmp", "Rect": "120,161,54,68", "Center": "21,32" },
	"ssj4_0x6c":  { "File": "ssj4.bmp", "Rect": "179,175,59,49", "Center": "27,29" },
	"ssj4_0x6d":  { "File": "ssj4.bmp", "Rect": "239,170,44,56", "Center": "24,24" },
	"ssj4_0x6e":  { "File": "ssj4.bmp", "Rect": "291,165,44,48", "Center": "15,23" },
	"ssj4_0x6f":  { "File": "ssj4.bmp", "Rect": "346,172,40,56", "Center": "20,30" },
	"ssj4_0x70":  { "File": "ssj4.bmp", "Rect": "399,167,46,63", "Center": "29,32" },
	"ssj4_0x71":  { "File": "ssj4.bmp", "Rect": "451,163,53,67", "Center": "32,34" },
	"ssj4_0x72":  { "File": "ssj4.bmp", "Rect": "507,171,58,48", "Center": "31,18" },
	"ssj4_0x73":  { "File": "ssj4.bmp", "Rect": "568,167,44,54", "Center": "20,30" },
	"ssj4_0x74":  { "File": "ssj4.bmp", "Rect": "623,175,46,48", "Center": "29,29" },
	"ssj4_0x75":  { "File": "ssj4.bmp", "Rect": "9,166,40,58", "Center": "20,28" },
	"ssj4_0x76":  { "File": "ssj4.bmp", "Rect": "65,161,44,61", "Center": "28,30" },
	"ssj4_0x77":  { "File": "ssj4.bmp", "Rect": "65,161,44,61", "Center": "28,30" },
	"ssj4_0x78":  { "File": "ssj4.bmp", "Rect": "70,501,30,67", "Center": "25,22" },
	"ssj4_0x79":  { "File": "ssj4.bmp", "Rect": "452,400,48,40", "Center": "31,26" },
	"ssj4_0x7a":  { "File": "ssj4.bmp", "Rect": "508,400,48,40", "Center": "26,23" },
	"ssj4_0x7b":  { "File": "ssj4.bmp", "Rect": "568,396,40,48", "Center": "27,18" },
	"ssj4_0x7c":  { "File": "ssj4.bmp", "Rect": "624,396,40,48", "Center": "23,22" },
	"ssj4_0x7d":  { "File": "ssj4.bmp", "Rect": "676,400,48,40", "Center": "20,13" },
	"ssj4_0x7e":  { "File": "ssj4.bmp", "Rect": "732,400,48,40", "Center": "23,17" },
	"ssj4_0x7f":  { "File": "ssj4.bmp", "Rect": "792,396,40,48", "Center": "13,28" },
	"ssj4_0x80":  { "File": "ssj4.bmp", "Rect": "63,433,34,66", "Center": "31,23" },
	"ssj4_0x81":  { "File": "ssj4.bmp", "Rect": "10,439,34,60", "Center": "24,24" },
	"ssj4_0x82":  { "File": "ssj4.bmp", "Rect": "63,433,34,66", "Center": "31,23" },
	"ssj4_0x83":  { "File": "ssj4.bmp", "Rect": "10,439,34,60", "Center": "24,24" },
	"ssj4_0x84":  { "File": "ssj4.bmp", "Rect": "63,433,34,66", "Center": "31,23" },
	"ssj4_0x85":  { "File": "ssj4.bmp", "Rect": "10,439,34,60", "Center": "24,24" },
	"ssj4_0x86":  { "File": "ssj4_transformation.bmp", "Rect": "0,155,110,131", "Center": "62,103" },
	"ssj4_0x87":  { "File": "ssj4_transformation.bmp", "Rect": "136,155,110,133", "Center": "52,103" },
	"ssj4_0x88":  { "File": "ssj4_transformation.bmp", "Rect": "0,155,110,131", "Center": "62,103" },
	"ssj4_0x89":  { "File": "ssj4_transformation.bmp", "Rect": "136,155,110,133", "Center": "52,103" },
	"ssj4_0x8a":  { "File": "ssj4_transformation.bmp", "Rect": "0,155,110,131", "Center": "62,103" },
	"ssj4_0x8b":  { "File": "ssj4_transformation.bmp", "Rect": "136,155,110,133", "Center": "52,103" },
	"ssj4_0x8c":  { "File": "ssj4.bmp", "Rect": "605,446,70,46", "Center": "34,21" },
	"ssj4_0x8d":  { "File": "ssj4.bmp", "Rect": "605,446,70,46", "Center": "34,21" },
	"ssj4_0x8e":  { "File": "ssj4.bmp", "Rect": "739,444,40,65", "Center": "22,41" },
	"ssj4_0x8f":  { "File": "ssj4.bmp", "Rect": "792,449,48,61", "Center": "43,21" },
	"ssj4_0x90":  { "File": "ssj4.bmp", "Rect": "13,500,31,67", "Center": "27,23" },
	"ssj4_0x91":  { "File": "ssj4.bmp", "Rect": "70,501,30,67", "Center": "26,21" },
	"ssj4_0x92":  { "File": "ssj4.bmp", "Rect": "8,603,36,66", "Center": "30,22" },
	"ssj4_0x93":  { "File": "ssj4.bmp", "Rect": "8,603,36,66", "Center": "30,22" },
	"ssj4_0x94":  { "File": "ssj4.bmp", "Rect": "174,493,43,68", "Center": "24,30" },
	"ssj4_0x95":  { "File": "ssj4.bmp", "Rect": "232,492,41,67", "Center": "24,28" },
	"ssj4_0x96":  { "File": "ssj4.bmp", "Rect": "286,513,46,38", "Center": "23,22" },
	"ssj4_0x97":  { "File": "ssj4.bmp", "Rect": "347,509,36,43", "Center": "16,27" },
	"ssj4_0x98":  { "File": "ssj4.bmp", "Rect": "402,510,42,42", "Center": "16,21" },
	"ssj4_0x99":  { "File": "ssj4.bmp", "Rect": "458,505,38,48", "Center": "21,22" },
	"ssj4_0x9a":  { "File": "ssj4.bmp", "Rect": "511,509,47,40", "Center": "25,26" },
	"ssj4_0x9b":  { "File": "ssj4.bmp", "Rect": "559,499,57,51", "Center": "35,30" },
	"ssj4_0x9c":  { "File": "ssj4.bmp", "Rect": "622,507,49,42", "Center": "26,21" },
	"ssj4_0x9d":  { "File": "ssj4.bmp", "Rect": "622,507,49,42", "Center": "26,21" },
	"ssj4_0x9e":  { "File": "ssj4.bmp", "Rect": "622,507,49,42", "Center": "26,21" },
	"ssj4_0x9f":  { "File": "ssj4.bmp", "Rect": "622,507,49,42", "Center": "26,21" },
	"ssj4_0xa0":  { "File": "ssj4.bmp", "Rect": "622,507,49,42", "Center": "26,21" },
	"ssj4_0xa1":  { "File": "ssj4.bmp", "Rect": "514,610,37,69", "Center": "22,48" },
	"ssj4_0xa2":  { "File": "ssj4.bmp", "Rect": "514,610,37,69", "Center": "22,48" },
	"ssj4_0xa3":  { "File": "ssj4.bmp", "Rect": "514,610,37,69", "Center": "22,48" },
	"ssj4_0xa4":  { "File": "ssj4.bmp", "Rect": "514,610,37,69", "Center": "22,48" },
	"ssj4_0xa5":  { "File": "ssj4.bmp", "Rect": "514,610,37,69", "Center": "22,48" },
	"ssj4_0xa6":  { "File": "ssj4.bmp", "Rect": "514,610,37,69", "Center": "22,48" },
	"ssj4_0xa7":  { "File": "ssj4.bmp", "Rect": "342,569,48,41", "Center": "20,28" },
	"ssj4_0xa8":  { "File": "ssj4.bmp", "Rect": "342,569,48,41", "Center": "20,28" },
	"ssj4_0xa9":  { "File": "ssj4.bmp", "Rect": "342,569,48,41", "Center": "20,28" },
	"ssj4_0xaa":  { "File": "ssj4.bmp", "Rect": "498,554,59,55", "Center": "28,39" },
	"ssj4_0xab":  { "File": "ssj4.bmp", "Rect": "560,554,60,55", "Center": "28,38" },
	"ssj4_0xac":  { "File": "ssj4.bmp", "Rect": "623,556,53,53", "Center": "27,34" },
	"ssj4_0xad":  { "File": "ssj4.bmp", "Rect": "681,553,46,55", "Center": "22,34" },
	"ssj4_0xae":  { "File": "ssj4.bmp", "Rect": "736,553,47,55", "Center": "20,35" },
	"ssj4_0xaf":  { "File": "ssj4.bmp", "Rect": "784,554,60,45", "Center": "24,32" },
	"ssj4_0xb0":  { "File": "ssj4.bmp", "Rect": "847,554,44,54", "Center": "19,32" },
	"ssj4_0xb1":  { "File": "ssj4.bmp", "Rect": "8,614,42,52", "Center": "19,35" },
	"ssj4_0xb2":  { "File": "ssj4.bmp", "Rect": "62,614,41,55", "Center": "21,40" },
	"ssj4_0xb3":  { "File": "ssj4.bmp", "Rect": "9,614,38,56", "Center": "19,35" },
	"ssj4_0xb4":  { "File": "ssj4.bmp", "Rect": "164,608,56,58", "Center": "22,32" },
	"ssj4_0xb5":  { "File": "ssj4.bmp", "Rect": "220,612,55,60", "Center": "23,32" },
	"ssj4_0xb6":  { "File": "ssj4.bmp", "Rect": "277,624,57,51", "Center": "32,34" },
	"ssj4_0xb7":  { "File": "ssj4.bmp", "Rect": "277,624,57,51", "Center": "31,34" },
	"ssj4_0xb8":  { "File": "ssj4.bmp", "Rect": "277,624,57,51", "Center": "32,34" },
	"ssj4_0xb9":  { "File": "ssj4.bmp", "Rect": "277,624,57,51", "Center": "31,34" },
	"ssj4_0xba":  { "File": "ssj4.bmp", "Rect": "514,610,34,70", "Center": "23,48" },
	"ssj4_0xbb":  { "File": "ssj4.bmp", "Rect": "514,610,34,70", "Center": "23,48" },
	"ssj4_0xbc":  { "File": "ssj4.bmp", "Rect": "625,611,40,71", "Center": "26,49" },
	"ssj4_0xbd":  { "File": "ssj4.bmp", "Rect": "685,610,42,71", "Center": "25,50" },
	"ssj4_0xbe":  { "File": "ssj4.bmp", "Rect": "626,611,40,71", "Center": "25,49" },
	"ssj4_0xbf":  { "File": "ssj4.bmp", "Rect": "796,624,32,40", "Center": "18,20" },
	"ssj4_0xc0":  { "File": "ssj4.bmp", "Rect": "852,624,32,40", "Center": "18,20" },
	"ssj4_0xc1":  { "File": "ssj4.bmp", "Rect": "12,680,32,40", "Center": "13,20" },
	"ssj4_0xc2":  { "File": "ssj4.bmp", "Rect": "68,680,32,40", "Center": "13,20" },
	"ssj4_0xc3":  { "File": "ssj4.bmp", "Rect": "100,666,35,66", "Center": "20,45" },
	"ssj4_0xc4":  { "File": "ssj4.bmp", "Rect": "135,666,38,66", "Center": "23,45" },
	"ssj4_0xc5":  { "File": "ssj4.bmp", "Rect": "236,680,32,40", "Center": "19,20" },
	"ssj4_0xc6":  { "File": "ssj4.bmp", "Rect": "292,680,32,40", "Center": "18,20" },
	"ssj4_0xc7":  { "File": "ssj4.bmp", "Rect": "348,680,32,40", "Center": "19,20" },
	"ssj4_0xc8":  { "File": "ssj4.bmp", "Rect": "739,446,40,63", "Center": "22,39" },
	"ssj4_0xc9":  { "File": "ssj4.bmp", "Rect": "570,715,40,64", "Center": "22,40" },
	"ssj4_0xca":  { "File": "ssj4.bmp", "Rect": "739,446,40,63", "Center": "22,39" },
	"ssj4_0xcb":  { "File": "ssj4.bmp", "Rect": "570,715,40,64", "Center": "22,40" },
	"ssj4_0xcc":  { "File": "ssj4.bmp", "Rect": "739,446,40,63", "Center": "22,39" },
	"ssj4_0xcd":  { "File": "ssj4.bmp", "Rect": "570,715,40,64", "Center": "22,40" },
	"ssj4_0xce":  { "File": "ssj4.bmp", "Rect": "739,446,40,63", "Center": "22,39" },
	"ssj4_0xcf":  { "File": "ssj4.bmp", "Rect": "570,715,40,64", "Center": "22,40" },
	"ssj4_0xd0":  { "File": "ssj4.bmp", "Rect": "342,569,48,41", "Center": "20,28" },
	"ssj4_0xd1":  { "File": "ssj4.bmp", "Rect": "342,569,48,41", "Center": "20,28" },
	"ssj4_0xd2":  { "File": "ssj4_transformation.bmp", "Rect": "0,0,93,105", "Center": "50,73" },
	"ssj4_0xd3":  { "File": "ssj4_transformation.bmp", "Rect": "80,0,90,104", "Center": "50,72" },
	"ssj4_0xd4":  { "File": "ssj4_transformation.bmp", "Rect": "173,7,101,120", "Center": "54,93" },
	"ssj4_0xd5":  { "File": "ssj4_transformation.bmp", "Rect": "283,7,123,126", "Center": "62,91" },
	"ssj4_0xd6":  { "File": "ssj4_transformation.bmp", "Rect": "173,7,101,120", "Center": "54,93" },
	"ssj4_0xd7":  { "File": "ssj4.bmp", "Rect": "342,569,48,41", "Center": "20,28" },
	"ssj4_0xd8":  { "File": "ssj4.bmp", "Rect": "342,569,48,41", "Center": "20,28" },
	"ssj4_0xd9":  { "File": "ssj4.bmp", "Rect": "451,730,60,46", "Center": "25,33" },
	"ssj4_0xda":  { "File": "ssj4.bmp", "Rect": "739,444,40,65", "Center": "22,41" },
	"ssj4_0xdb":  { "File": "ssj4.bmp", "Rect": "570,715,40,64", "Center": "22,40" },
	"ssj4_0xdc":  { "File": "ssj4.bmp", "Rect": "739,446,40,63", "Center": "22,39" },
	"ssj4_0xdd":  { "File": "ssj4.bmp", "Rect": "570,715,40,64", "Center": "22,40" },
	"ssj4_0xde":  { "File": "ssj4.bmp", "Rect": "739,446,40,63", "Center": "22,39" },
	"ssj4_0xdf":  { "File": "ssj4.bmp", "Rect": "570,715,40,64", "Center": "22,40" },
	"ssj4_0xe0":  { "File": "ssj4.bmp", "Rect": "739,446,40,63", "Center": "22,39" },
	"ssj4_0xe1":  { "File": "ssj4.bmp", "Rect": "570,715,40,64", "Center": "22,40" },
	"ssj4_0xe2":  { "File": "ssj4.bmp", "Rect": "62,778,42,64", "Center": "18,40" },
	"ssj4_0xe3":  { "File": "ssj4.bmp", "Rect": "119,781,42,64", "Center": "20,40" },
	"ssj4_0xe4":  { "File": "ssj4.bmp", "Rect": "63,433,35,66", "Center": "31,23" },
	"ssj4_0xe5":  { "File": "ssj4.bmp", "Rect": "346,777,41,69", "Center": "25,30" },
	"ssj4_0xe6":  { "File": "ssj4.bmp", "Rect": "346,777,41,69", "Center": "25,30" },
	"ssj4_0xe7":  { "File": "ssj4.bmp", "Rect": "346,777,41,69", "Center": "25,30" },
	"ssj4_0xe8":  { "File": "ssj4.bmp", "Rect": "404,779,37,63", "Center": "21,24" },
	"ssj4_0xe9":  { "File": "ssj4.bmp", "Rect": "404,779,37,63", "Center": "21,24" },
	"ssj4_0xea":  { "File": "ssj4.bmp", "Rect": "404,779,37,63", "Center": "21,24" },
	"ssj4_0xeb":  { "File": "ssj4.bmp", "Rect": "568,788,40,48", "Center": "20,24" },
	"ssj4_0xec":  { "File": "ssj4.bmp", "Rect": "620,792,48,40", "Center": "24,20" },
	"ssj4_0xed":  { "File": "ssj4.bmp", "Rect": "684,788,32,48", "Center": "16,24" },
	"ssj4_0xee":  { "File": "ssj4.bmp", "Rect": "732,792,48,40", "Center": "24,20" },
	"ssj4_0xef":  { "File": "ssj4.bmp", "Rect": "1,121,61,39", "Center": "34,27" },
	"ssj4_0xf0":  { "File": "ssj4.bmp", "Rect": "64,121,61,38", "Center": "35,25" },
	"ssj4_0xf1":  { "File": "ssj4.bmp", "Rect": "1,121,61,39", "Center": "34,27" },
	"ssj4_0xf2":  { "File": "ssj4.bmp", "Rect": "185,341,23,40", "Center": "12,20" },
	"ssj4_0xf3":  { "File": "ssj4.bmp", "Rect": "228,849,61,38", "Center": "27,25" },
	"ssj4_0xf4":  { "File": "ssj4.bmp", "Rect": "166,848,61,39", "Center": "27,27" },
	"ssj4_0xf5":  { "File": "ssj4.bmp", "Rect": "228,849,61,38", "Center": "27,25" },
	"ssj4_0xf6":  { "File": "ssj4.bmp", "Rect": "166,848,61,39", "Center": "27,27" },
	"ssj4_0xf7":  { "File": "ssj4.bmp", "Rect": "228,849,61,38", "Center": "27,25" },
	"ssj4_0xf8":  { "File": "ssj4.bmp", "Rect": "185,341,23,40", "Center": "12,20" },
	"ssj4_0xf9":  { "File": "ssj4.bmp", "Rect": "1,121,61,39", "Center": "34,27" },
	"ssj4_0xfa":  { "File": "ssj4.bmp", "Rect": "64,121,61,38", "Center": "35,25" },
	"hypersonic_dropdash_0":  { "File": "ssj4.bmp", "Rect": "177,675,43,49", "Center": "16,35" },
	"hypersonic_dropdash_1":  { "File": "ssj4.bmp", "Rect": "177,675,43,49", "Center": "16,35" },
	"hypersonic_peelout_0":  { "File": "ssj4.bmp", "Rect": "1,121,61,39", "Center": "34,27" },
	"hypersonic_peelout_1":  { "File": "ssj4.bmp", "Rect": "64,121,61,38", "Center": "35,25" },
	"hypersonic_peelout_2":  { "File": "ssj4.bmp", "Rect": "1,121,61,39", "Center": "34,27" },
	"hypersonic_peelout_3":  { "File": "ssj4.bmp", "Rect": "64,121,61,38", "Center": "35,25" }
}