{
	"Metadata":
	{
		"Name": "3D2D Shadow",
		"Author": "Sotaknuck",
		"Description": "Shadow The Hedgehog is playable in Sonic's slot, with his moveset from Sonic 3D in 2D",
		"URL": "https://sotaknuck.itch.io/sonic3d2d",
		"ModVersion": "1.9",		
	},
	"Settings":
	{
		"Group1":
		[			
			{
				"InternalName": "HyperStars",
				"DisplayName": "Hyper form stars:",
				"Variable": "HyperStars",
				"DefaultValue": "1",				
				"Options":
				{
					"0": "Sonic 3 & Knuckles",
					"1": "Sonic 3D in 2D"
				}
			}
		]
	}
}
