{
	"Metadata":
	{
		"Name": "Title Card Elements and Results Screen Sprites",
		"Author": "Veenee",
		"Description": "changes some elements in the zone title cards and result screen.",
		"URL": "https://gamebanana.com/gamefiles/11320",
		"ModVersion": "2.5.3.0",
		"GameVersion": "20.07.18.0"
	},
	"Settings":
	{
		"List":
		[
			{
				"InternalName": "RedBarGameName",
				"DisplayName": "Red Banner style",
				"Variable": "option.TitleCard.GameName",
				"DefaultValue": "4",
				"Options":
				{
					"0": "Sonic 3 A.I.R.",
					"1": "Sonic 3",
					"2": "Sonic & Knuckles",
					"3": "Sonic 3 & Knuckles",
					"4": "pick by zone",
					"5": "custom banner"
				}
			},
			{
				"InternalName": "MushroomValley",
				"DisplayName": "Mushroom Valley title card",
				"Variable": "option.TitleCard.MushroomValley",
				"DefaultValue": "1",
				"Options":
				{
					"0": "Off (Mushroom Hill)",
					"1": "On (Mushroom Valley)"
				}
			},
			{
				"InternalName": "BlueSphereResultStyle",
				"DisplayName": "Blue Sphere Results Style",
				"Variable": "option.BlueSphereResultStyle",
				"DefaultValue": "0",
				"Options":
				{
					"0": "Sonic 3 & Knuckles (pick by zone)",
					"1": "Sonic 3 (green text)",
					"2": "Sonic & Knuckles (white/yellow text)"
				}
			}
		]
	}
}
