{
	"character_ssgss_0x01":  { "File": "character_ssgss.bmp", "Rect": "0,6,54,43", "Center": "30,29" },
	"character_ssgss_0x02":  { "File": "character_ssgss.bmp", "Rect": "57,8,54,41", "Center": "31,28" },
	"character_ssgss_0x03":  { "File": "character_ssgss.bmp", "Rect": "117,8,54,40", "Center": "30,28" },
	"character_ssgss_0x04":  { "File": "character_ssgss.bmp", "Rect": "175,7,54,41", "Center": "30,28" },
	"character_ssgss_0x05":  { "File": "character_ssgss.bmp", "Rect": "0,6,54,43", "Center": "30,29" },
	"character_ssgss_0x06":  { "File": "character_ssgss.bmp", "Rect": "57,8,54,41", "Center": "31,28" },
	"character_ssgss_0x07":  { "File": "character_ssgss.bmp", "Rect": "117,8,54,40", "Center": "30,28" },
	"character_ssgss_0x08":  { "File": "character_ssgss.bmp", "Rect": "175,7,54,41", "Center": "30,28" },
	"character_ssgss_0x09":  { "File": "character_ssgss.bmp", "Rect": "456,4,40,48", "Center": "21,19" },
	"character_ssgss_0x0a":  { "File": "character_ssgss.bmp", "Rect": "508,8,48,40", "Center": "20,14" },
	"character_ssgss_0x0b":  { "File": "character_ssgss.bmp", "Rect": "568,8,40,40", "Center": "19,21" },
	"character_ssgss_0x0c":  { "File": "character_ssgss.bmp", "Rect": "620,8,48,40", "Center": "20,19" },
	"character_ssgss_0x0d":  { "File": "character_ssgss.bmp", "Rect": "680,4,40,48", "Center": "20,18" },
	"character_ssgss_0x0e":  { "File": "character_ssgss.bmp", "Rect": "732,4,48,48", "Center": "21,20" },
	"character_ssgss_0x0f":  { "File": "character_ssgss.bmp", "Rect": "792,8,40,40", "Center": "22,17" },
	"character_ssgss_0x10":  { "File": "character_ssgss.bmp", "Rect": "848,8,40,40", "Center": "20,18" },
	"character_ssgss_0x11":  { "File": "character_ssgss.bmp", "Rect": "8,64,40,40", "Center": "20,19" },
	"character_ssgss_0x12":  { "File": "character_ssgss.bmp", "Rect": "64,64,40,40", "Center": "20,19" },
	"character_ssgss_0x13":  { "File": "character_ssgss.bmp", "Rect": "120,68,40,32", "Center": "20,11" },
	"character_ssgss_0x14":  { "File": "character_ssgss.bmp", "Rect": "176,68,40,32", "Center": "20,13" },
	"character_ssgss_0x15":  { "File": "character_ssgss.bmp", "Rect": "232,64,40,40", "Center": "20,21" },
	"character_ssgss_0x16":  { "File": "character_ssgss.bmp", "Rect": "288,64,40,40", "Center": "20,20" },
	"character_ssgss_0x17":  { "File": "character_ssgss.bmp", "Rect": "344,68,40,32", "Center": "20,11" },
	"character_ssgss_0x18":  { "File": "character_ssgss.bmp", "Rect": "400,68,40,32", "Center": "20,11" },
	"character_ssgss_0x19":  { "File": "character_ssgss.bmp", "Rect": "452,64,48,40", "Center": "18,17" },
	"character_ssgss_0x1a":  { "File": "character_ssgss.bmp", "Rect": "512,60,40,48", "Center": "16,25" },
	"character_ssgss_0x1b":  { "File": "character_ssgss.bmp", "Rect": "568,64,40,40", "Center": "19,17" },
	"character_ssgss_0x1c":  { "File": "character_ssgss.bmp", "Rect": "624,60,40,48", "Center": "16,25" },
	"character_ssgss_0x1d":  { "File": "character_ssgss.bmp", "Rect": "676,64,48,40", "Center": "17,18" },
	"character_ssgss_0x1e":  { "File": "character_ssgss.bmp", "Rect": "732,60,48,48", "Center": "17,24" },
	"character_ssgss_0x1f":  { "File": "character_ssgss.bmp", "Rect": "792,64,40,40", "Center": "18,18" },
	"character_ssgss_0x20":  { "File": "character_ssgss.bmp", "Rect": "848,64,40,40", "Center": "18,18" },
	"character_ssgss_0x21":  { "File": "character_ssgss.bmp", "Rect": "1,121,61,39", "Center": "34,27" },
	"character_ssgss_0x22":  { "File": "character_ssgss.bmp", "Rect": "64,121,61,38", "Center": "33,26" },
	"character_ssgss_0x23":  { "File": "character_ssgss.bmp", "Rect": "1,121,61,39", "Center": "34,27" },
	"character_ssgss_0x24":  { "File": "character_ssgss.bmp", "Rect": "64,121,61,38", "Center": "33,26" },
	"character_ssgss_0x25":  { "File": "character_ssgss.bmp", "Rect": "232,120,40,40", "Center": "19,17" },
	"character_ssgss_0x26":  { "File": "character_ssgss.bmp", "Rect": "292,120,32,40", "Center": "16,18" },
	"character_ssgss_0x27":  { "File": "character_ssgss.bmp", "Rect": "344,120,40,40", "Center": "19,17" },
	"character_ssgss_0x28":  { "File": "character_ssgss.bmp", "Rect": "404,120,32,40", "Center": "16,18" },
	"character_ssgss_0x29":  { "File": "character_ssgss.bmp", "Rect": "456,124,40,32", "Center": "20,16" },
	"character_ssgss_0x2a":  { "File": "character_ssgss.bmp", "Rect": "512,124,40,32", "Center": "20,16" },
	"character_ssgss_0x2b":  { "File": "character_ssgss.bmp", "Rect": "568,124,40,32", "Center": "20,16" },
	"character_ssgss_0x2c":  { "File": "character_ssgss.bmp", "Rect": "624,124,40,32", "Center": "20,16" },
	"character_ssgss_0x2d":  { "File": "character_ssgss.bmp", "Rect": "680,120,40,40", "Center": "18,22" },
	"character_ssgss_0x2e":  { "File": "character_ssgss.bmp", "Rect": "736,124,40,32", "Center": "19,17" },
	"character_ssgss_0x2f":  { "File": "character_ssgss.bmp", "Rect": "792,120,40,40", "Center": "18,22" },
	"character_ssgss_0x30":  { "File": "character_ssgss.bmp", "Rect": "848,124,40,32", "Center": "19,17" },
	"character_ssgss_0x31":  { "File": "character_ssgss.bmp", "Rect": "11,166,35,58", "Center": "18,30" },
	"character_ssgss_0x32":  { "File": "character_ssgss.bmp", "Rect": "65,166,44,56", "Center": "28,25" },
	"character_ssgss_0x33":  { "File": "character_ssgss.bmp", "Rect": "120,161,54,68", "Center": "21,32" },
	"character_ssgss_0x34":  { "File": "character_ssgss.bmp", "Rect": "179,174,59,49", "Center": "27,30" },
	"character_ssgss_0x35":  { "File": "character_ssgss.bmp", "Rect": "239,170,44,56", "Center": "24,24" },
	"character_ssgss_0x36":  { "File": "character_ssgss.bmp", "Rect": "291,177,44,37", "Center": "15,11" },
	"character_ssgss_0x37":  { "File": "character_ssgss.bmp", "Rect": "346,166,36,59", "Center": "18,28" },
	"character_ssgss_0x38":  { "File": "character_ssgss.bmp", "Rect": "399,167,44,58", "Center": "15,33" },
	"character_ssgss_0x39":  { "File": "character_ssgss.bmp", "Rect": "451,163,53,67", "Center": "32,34" },
	"character_ssgss_0x3a":  { "File": "character_ssgss.bmp", "Rect": "507,171,58,48", "Center": "31,18" },
	"character_ssgss_0x3b":  { "File": "character_ssgss.bmp", "Rect": "568,167,44,54", "Center": "20,30" },
	"character_ssgss_0x3c":  { "File": "character_ssgss.bmp", "Rect": "623,178,44,35", "Center": "29,26" },
	"character_ssgss_0x3d":  { "File": "character_ssgss.bmp", "Rect": "11,166,35,58", "Center": "18,30" },
	"character_ssgss_0x3e":  { "File": "character_ssgss.bmp", "Rect": "65,166,44,56", "Center": "28,25" },
	"character_ssgss_0x3f":  { "File": "character_ssgss.bmp", "Rect": "120,161,54,68", "Center": "21,32" },
	"character_ssgss_0x40":  { "File": "character_ssgss.bmp", "Rect": "179,174,59,49", "Center": "27,30" },
	"character_ssgss_0x41":  { "File": "character_ssgss.bmp", "Rect": "239,170,44,56", "Center": "24,24" },
	"character_ssgss_0x42":  { "File": "character_ssgss.bmp", "Rect": "291,177,44,37", "Center": "15,11" },
	"character_ssgss_0x43":  { "File": "character_ssgss.bmp", "Rect": "346,166,36,59", "Center": "18,28" },
	"character_ssgss_0x44":  { "File": "character_ssgss.bmp", "Rect": "399,167,44,58", "Center": "15,33" },
	"character_ssgss_0x45":  { "File": "character_ssgss.bmp", "Rect": "451,163,53,67", "Center": "32,34" },
	"character_ssgss_0x46":  { "File": "character_ssgss.bmp", "Rect": "507,171,58,48", "Center": "31,18" },
	"character_ssgss_0x47":  { "File": "character_ssgss.bmp", "Rect": "568,167,44,54", "Center": "20,30" },
	"character_ssgss_0x48":  { "File": "character_ssgss.bmp", "Rect": "623,178,44,35", "Center": "29,26" },
	"character_ssgss_0x49":  { "File": "character_ssgss.bmp", "Rect": "570,714,40,65", "Center": "22,41" },
	"character_ssgss_0x4a":  { "File": "character_ssgss.bmp", "Rect": "739,444,40,65", "Center": "22,41" },
	"character_ssgss_0x4b":  { "File": "character_ssgss.bmp", "Rect": "570,714,40,66", "Center": "22,41" },
	"character_ssgss_0x4c":  { "File": "character_ssgss.bmp", "Rect": "739,444,40,65", "Center": "22,41" },
	"character_ssgss_0x4d":  { "File": "character_ssgss.bmp", "Rect": "570,714,40,65", "Center": "22,41" },
	"character_ssgss_0x4e":  { "File": "character_ssgss.bmp", "Rect": "739,444,40,65", "Center": "22,41" },
	"character_ssgss_0x4f":  { "File": "character_ssgss.bmp", "Rect": "570,714,40,66", "Center": "22,41" },
	"character_ssgss_0x50":  { "File": "character_ssgss.bmp", "Rect": "739,444,40,65", "Center": "22,41" },
	"character_ssgss_0x51":  { "File": "character_ssgss.bmp", "Rect": "570,714,40,66", "Center": "22,41" },
	"character_ssgss_0x52":  { "File": "character_ssgss.bmp", "Rect": "739,444,40,65", "Center": "22,41" },
	"character_ssgss_0x53":  { "File": "character_ssgss.bmp", "Rect": "570,714,40,66", "Center": "22,41" },
	"character_ssgss_0x54":  { "File": "character_ssgss.bmp", "Rect": "739,444,40,65", "Center": "22,41" },
	"character_ssgss_0x55":  { "File": "character_ssgss.bmp", "Rect": "347,274,36,68", "Center": "20,46" },
	"character_ssgss_0x56":  { "File": "character_ssgss.bmp", "Rect": "347,274,36,68", "Center": "20,46" },
	"character_ssgss_0x57":  { "File": "character_ssgss.bmp", "Rect": "347,274,36,68", "Center": "20,46" },
	"character_ssgss_0x58":  { "File": "character_ssgss.bmp", "Rect": "400,274,42,68", "Center": "20,47" },
	"character_ssgss_0x59":  { "File": "character_ssgss.bmp", "Rect": "460,278,32,61", "Center": "17,41" },
	"character_ssgss_0x5a":  { "File": "character_ssgss.bmp", "Rect": "460,278,32,61", "Center": "17,41" },
	"character_ssgss_0x5b":  { "File": "character_ssgss.bmp", "Rect": "460,278,32,61", "Center": "17,41" },
	"character_ssgss_0x5c":  { "File": "character_ssgss.bmp", "Rect": "604,288,68,41", "Center": "28,18" },
	"character_ssgss_0x5d":  { "File": "character_ssgss.bmp", "Rect": "680,296,40,24", "Center": "21,12" },
	"character_ssgss_0x5e":  { "File": "character_ssgss.bmp", "Rect": "736,296,40,24", "Center": "18,13" },
	"character_ssgss_0x5f":  { "File": "character_ssgss.bmp", "Rect": "781,288,68,41", "Center": "40,23" },
	"character_ssgss_0x60":  { "File": "character_ssgss.bmp", "Rect": "853,296,37,24", "Center": "18,12" },
	"character_ssgss_0x61":  { "File": "character_ssgss.bmp", "Rect": "8,352,40,24", "Center": "20,12" },
	"character_ssgss_0x62":  { "File": "character_ssgss.bmp", "Rect": "556,554,59,55", "Center": "31,39" },
	"character_ssgss_0x63":  { "File": "character_ssgss.bmp", "Rect": "118,329,41,69", "Center": "24,30" },
	"character_ssgss_0x64":  { "File": "character_ssgss.bmp", "Rect": "185,341,23,40", "Center": "12,21" },
	"character_ssgss_0x65":  { "File": "character_ssgss.bmp", "Rect": "240,344,24,40", "Center": "12,18" },
	"character_ssgss_0x66":  { "File": "character_ssgss.bmp", "Rect": "289,332,41,68", "Center": "16,40" },
	"character_ssgss_0x67":  { "File": "character_ssgss.bmp", "Rect": "353,345,23,42", "Center": "12,20" },
	"character_ssgss_0x68":  { "File": "character_ssgss.bmp", "Rect": "408,344,24,40", "Center": "11,19" },
	"character_ssgss_0x69":  { "File": "character_ssgss.bmp", "Rect": "11,166,35,59", "Center": "18,30" },
	"character_ssgss_0x6a":  { "File": "character_ssgss.bmp", "Rect": "65,166,44,56", "Center": "28,25" },
	"character_ssgss_0x6b":  { "File": "character_ssgss.bmp", "Rect": "120,161,54,68", "Center": "21,32" },
	"character_ssgss_0x6c":  { "File": "character_ssgss.bmp", "Rect": "179,174,59,49", "Center": "27,30" },
	"character_ssgss_0x6d":  { "File": "character_ssgss.bmp", "Rect": "239,170,44,56", "Center": "24,24" },
	"character_ssgss_0x6e":  { "File": "character_ssgss.bmp", "Rect": "291,177,44,40", "Center": "15,11" },
	"character_ssgss_0x6f":  { "File": "character_ssgss.bmp", "Rect": "346,166,36,59", "Center": "18,28" },
	"character_ssgss_0x70":  { "File": "character_ssgss.bmp", "Rect": "399,167,44,58", "Center": "15,33" },
	"character_ssgss_0x71":  { "File": "character_ssgss.bmp", "Rect": "451,163,53,67", "Center": "32,34" },
	"character_ssgss_0x72":  { "File": "character_ssgss.bmp", "Rect": "507,171,58,48", "Center": "31,18" },
	"character_ssgss_0x73":  { "File": "character_ssgss.bmp", "Rect": "568,167,44,54", "Center": "20,30" },
	"character_ssgss_0x74":  { "File": "character_ssgss.bmp", "Rect": "623,178,44,36", "Center": "29,26" },
	"character_ssgss_0x75":  { "File": "character_ssgss.bmp", "Rect": "11,166,35,59", "Center": "18,30" },
	"character_ssgss_0x76":  { "File": "character_ssgss.bmp", "Rect": "65,166,44,56", "Center": "28,25" },
	"character_ssgss_0x77":  { "File": "character_ssgss.bmp", "Rect": "65,166,44,56", "Center": "28,25" },
	"character_ssgss_0x78":  { "File": "character_ssgss.bmp", "Rect": "400,387,40,67", "Center": "29,21" },
	"character_ssgss_0x79":  { "File": "character_ssgss.bmp", "Rect": "452,400,48,40", "Center": "31,26" },
	"character_ssgss_0x7a":  { "File": "character_ssgss.bmp", "Rect": "508,400,48,40", "Center": "26,23" },
	"character_ssgss_0x7b":  { "File": "character_ssgss.bmp", "Rect": "568,396,40,48", "Center": "27,18" },
	"character_ssgss_0x7c":  { "File": "character_ssgss.bmp", "Rect": "624,396,40,48", "Center": "23,22" },
	"character_ssgss_0x7d":  { "File": "character_ssgss.bmp", "Rect": "676,400,48,40", "Center": "20,13" },
	"character_ssgss_0x7e":  { "File": "character_ssgss.bmp", "Rect": "732,400,48,40", "Center": "23,17" },
	"character_ssgss_0x7f":  { "File": "character_ssgss.bmp", "Rect": "792,396,40,48", "Center": "13,28" },
	"character_ssgss_0x80":  { "File": "character_ssgss.bmp", "Rect": "72,433,28,66", "Center": "22,23" },
	"character_ssgss_0x81":  { "File": "character_ssgss.bmp", "Rect": "13,437,30,62", "Center": "21,26" },
	"character_ssgss_0x82":  { "File": "character_ssgss.bmp", "Rect": "72,433,28,66", "Center": "22,23" },
	"character_ssgss_0x83":  { "File": "character_ssgss.bmp", "Rect": "13,437,30,62", "Center": "21,26" },
	"character_ssgss_0x84":  { "File": "character_ssgss.bmp", "Rect": "72,433,28,66", "Center": "22,23" },
	"character_ssgss_0x85":  { "File": "character_ssgss.bmp", "Rect": "13,437,30,62", "Center": "21,26" },
	"character_ssgss_0x86":  { "File": "character_ssgss_transformation.bmp", "Rect": "13,241,100,91", "Center": "49,69" },
	"character_ssgss_0x87":  { "File": "character_ssgss_transformation.bmp", "Rect": "124,236,101,97", "Center": "50,75" },
	"character_ssgss_0x88":  { "File": "character_ssgss_transformation.bmp", "Rect": "13,241,100,91", "Center": "49,69" },
	"character_ssgss_0x89":  { "File": "character_ssgss_transformation.bmp", "Rect": "124,236,101,97", "Center": "50,75" },
	"character_ssgss_0x8a":  { "File": "character_ssgss_transformation.bmp", "Rect": "13,241,100,91", "Center": "49,69" },
	"character_ssgss_0x8b":  { "File": "character_ssgss_transformation.bmp", "Rect": "124,236,101,97", "Center": "50,75" },
	"character_ssgss_0x8c":  { "File": "character_ssgss.bmp", "Rect": "605,445,70,47", "Center": "34,22" },
	"character_ssgss_0x8d":  { "File": "character_ssgss.bmp", "Rect": "605,445,70,47", "Center": "34,22" },
	"character_ssgss_0x8e":  { "File": "character_ssgss.bmp", "Rect": "739,444,40,65", "Center": "22,41" },
	"character_ssgss_0x8f":  { "File": "character_ssgss.bmp", "Rect": "792,446,46,64", "Center": "39,24" },
	"character_ssgss_0x90":  { "File": "character_ssgss.bmp", "Rect": "13,500,31,67", "Center": "27,23" },
	"character_ssgss_0x91":  { "File": "character_ssgss.bmp", "Rect": "70,501,30,67", "Center": "26,21" },
	"character_ssgss_0x92":  { "File": "character_ssgss.bmp", "Rect": "12,603,32,66", "Center": "26,22" },
	"character_ssgss_0x93":  { "File": "character_ssgss.bmp", "Rect": "12,603,32,66", "Center": "26,22" },
	"character_ssgss_0x94":  { "File": "character_ssgss.bmp", "Rect": "175,493,40,69", "Center": "23,30" },
	"character_ssgss_0x95":  { "File": "character_ssgss.bmp", "Rect": "236,490,37,68", "Center": "20,30" },
	"character_ssgss_0x96":  { "File": "character_ssgss.bmp", "Rect": "286,513,46,38", "Center": "23,22" },
	"character_ssgss_0x97":  { "File": "character_ssgss.bmp", "Rect": "347,509,36,45", "Center": "16,27" },
	"character_ssgss_0x98":  { "File": "character_ssgss.bmp", "Rect": "401,510,43,42", "Center": "17,21" },
	"character_ssgss_0x99":  { "File": "character_ssgss.bmp", "Rect": "458,509,38,43", "Center": "22,19" },
	"character_ssgss_0x9a":  { "File": "character_ssgss.bmp", "Rect": "511,509,42,45", "Center": "25,26" },
	"character_ssgss_0x9b":  { "File": "character_ssgss.bmp", "Rect": "568,499,48,51", "Center": "26,30" },
	"character_ssgss_0x9c":  { "File": "character_ssgss.bmp", "Rect": "622,507,49,42", "Center": "26,22" },
	"character_ssgss_0x9d":  { "File": "character_ssgss.bmp", "Rect": "622,507,49,42", "Center": "26,22" },
	"character_ssgss_0x9e":  { "File": "character_ssgss.bmp", "Rect": "622,507,49,42", "Center": "26,22" },
	"character_ssgss_0x9f":  { "File": "character_ssgss.bmp", "Rect": "622,507,49,42", "Center": "26,22" },
	"character_ssgss_0xa0":  { "File": "character_ssgss.bmp", "Rect": "622,507,49,42", "Center": "26,22" },
	"character_ssgss_0xa1":  { "File": "character_ssgss.bmp", "Rect": "287,553,39,69", "Center": "23,49" },
	"character_ssgss_0xa2":  { "File": "character_ssgss.bmp", "Rect": "120,539,39,70", "Center": "20,50" },
	"character_ssgss_0xa3":  { "File": "character_ssgss.bmp", "Rect": "287,553,39,69", "Center": "23,49" },
	"character_ssgss_0xa4":  { "File": "character_ssgss.bmp", "Rect": "120,539,39,70", "Center": "20,50" },
	"character_ssgss_0xa5":  { "File": "character_ssgss.bmp", "Rect": "287,553,39,69", "Center": "23,49" },
	"character_ssgss_0xa6":  { "File": "character_ssgss.bmp", "Rect": "120,539,39,69", "Center": "20,50" },
	"character_ssgss_0xa7":  { "File": "character_ssgss.bmp", "Rect": "342,569,48,41", "Center": "20,28" },
	"character_ssgss_0xa8":  { "File": "character_ssgss.bmp", "Rect": "342,569,48,41", "Center": "20,28" },
	"character_ssgss_0xa9":  { "File": "character_ssgss.bmp", "Rect": "342,569,48,41", "Center": "20,28" },
	"character_ssgss_0xaa":  { "File": "character_ssgss.bmp", "Rect": "498,554,59,55", "Center": "30,39" },
	"character_ssgss_0xab":  { "File": "character_ssgss.bmp", "Rect": "556,554,59,55", "Center": "31,39" },
	"character_ssgss_0xac":  { "File": "character_ssgss.bmp", "Rect": "625,556,51,52", "Center": "25,33" },
	"character_ssgss_0xad":  { "File": "character_ssgss.bmp", "Rect": "736,555,47,53", "Center": "26,31" },
	"character_ssgss_0xae":  { "File": "character_ssgss.bmp", "Rect": "791,554,44,49", "Center": "25,28" },
	"character_ssgss_0xaf":  { "File": "character_ssgss.bmp", "Rect": "454,726,53,50", "Center": "25,29" },
	"character_ssgss_0xb0":  { "File": "character_ssgss.bmp", "Rect": "847,554,44,54", "Center": "19,32" },
	"character_ssgss_0xb1":  { "File": "character_ssgss.bmp", "Rect": "8,612,38,58", "Center": "19,37" },
	"character_ssgss_0xb2":  { "File": "character_ssgss.bmp", "Rect": "62,613,41,57", "Center": "21,41" },
	"character_ssgss_0xb3":  { "File": "character_ssgss.bmp", "Rect": "8,612,38,58", "Center": "19,37" },
	"character_ssgss_0xb4":  { "File": "character_ssgss.bmp", "Rect": "165,611,55,61", "Center": "22,34" },
	"character_ssgss_0xb5":  { "File": "character_ssgss.bmp", "Rect": "220,611,55,61", "Center": "22,34" },
	"character_ssgss_0xb6":  { "File": "character_ssgss.bmp", "Rect": "277,624,57,53", "Center": "32,34" },
	"character_ssgss_0xb7":  { "File": "character_ssgss.bmp", "Rect": "277,624,57,53", "Center": "31,34" },
	"character_ssgss_0xb8":  { "File": "character_ssgss.bmp", "Rect": "277,624,57,53", "Center": "32,34" },
	"character_ssgss_0xb9":  { "File": "character_ssgss.bmp", "Rect": "277,624,57,53", "Center": "31,34" },
	"character_ssgss_0xba":  { "File": "character_ssgss.bmp", "Rect": "516,610,36,69", "Center": "20,48" },
	"character_ssgss_0xbb":  { "File": "character_ssgss.bmp", "Rect": "572,611,36,69", "Center": "20,48" },
	"character_ssgss_0xbc":  { "File": "character_ssgss.bmp", "Rect": "631,611,36,70", "Center": "20,49" },
	"character_ssgss_0xbd":  { "File": "character_ssgss.bmp", "Rect": "687,609,39,72", "Center": "23,51" },
	"character_ssgss_0xbe":  { "File": "character_ssgss.bmp", "Rect": "742,609,37,72", "Center": "21,50" },
	"character_ssgss_0xbf":  { "File": "character_ssgss.bmp", "Rect": "796,624,32,40", "Center": "18,20" },
	"character_ssgss_0xc0":  { "File": "character_ssgss.bmp", "Rect": "852,624,32,40", "Center": "18,20" },
	"character_ssgss_0xc1":  { "File": "character_ssgss.bmp", "Rect": "12,680,32,40", "Center": "13,20" },
	"character_ssgss_0xc2":  { "File": "character_ssgss.bmp", "Rect": "68,680,30,40", "Center": "13,20" },
	"character_ssgss_0xc3":  { "File": "character_ssgss.bmp", "Rect": "101,668,32,64", "Center": "22,42" },
	"character_ssgss_0xc4":  { "File": "character_ssgss.bmp", "Rect": "135,668,29,63", "Center": "20,42" },
	"character_ssgss_0xc5":  { "File": "character_ssgss.bmp", "Rect": "236,680,32,40", "Center": "19,20" },
	"character_ssgss_0xc6":  { "File": "character_ssgss.bmp", "Rect": "292,680,32,40", "Center": "18,20" },
	"character_ssgss_0xc7":  { "File": "character_ssgss.bmp", "Rect": "348,680,32,40", "Center": "19,20" },
	"character_ssgss_0xc8":  { "File": "character_ssgss.bmp", "Rect": "739,446,40,63", "Center": "22,39" },
	"character_ssgss_0xc9":  { "File": "character_ssgss.bmp", "Rect": "570,715,40,64", "Center": "22,40" },
	"character_ssgss_0xca":  { "File": "character_ssgss.bmp", "Rect": "739,446,40,63", "Center": "22,39" },
	"character_ssgss_0xcb":  { "File": "character_ssgss.bmp", "Rect": "570,715,40,64", "Center": "22,40" },
	"character_ssgss_0xcc":  { "File": "character_ssgss.bmp", "Rect": "739,446,40,63", "Center": "22,39" },
	"character_ssgss_0xcd":  { "File": "character_ssgss.bmp", "Rect": "570,715,40,64", "Center": "22,40" },
	"character_ssgss_0xce":  { "File": "character_ssgss.bmp", "Rect": "739,446,40,63", "Center": "22,39" },
	"character_ssgss_0xcf":  { "File": "character_ssgss.bmp", "Rect": "570,715,40,64", "Center": "22,40" },
	"character_ssgss_0xd0":  { "File": "character_ssgss.bmp", "Rect": "342,569,48,41", "Center": "20,28" },
	"character_ssgss_0xd1":  { "File": "character_ssgss.bmp", "Rect": "342,569,48,41", "Center": "20,28" },
	"character_ssgss_0xd2":  { "File": "character_ssgss_transformation.bmp", "Rect": "0,85,93,107", "Center": "48,74" },
	"character_ssgss_0xd3":  { "File": "character_ssgss_transformation.bmp", "Rect": "99,76,88,117", "Center": "46,82" },
	"character_ssgss_0xd4":  { "File": "character_ssgss_transformation.bmp", "Rect": "188,76,92,119", "Center": "46,81" },
	"character_ssgss_0xd5":  { "File": "character_ssgss_transformation.bmp", "Rect": "287,89,123,129", "Center": "59,91" },
	"character_ssgss_0xd6":  { "File": "character_ssgss_transformation.bmp", "Rect": "188,76,92,119", "Center": "46,81" },
	"character_ssgss_0xd7":  { "File": "character_ssgss.bmp", "Rect": "342,569,48,41", "Center": "20,28" },
	"character_ssgss_0xd8":  { "File": "character_ssgss.bmp", "Rect": "342,569,48,41", "Center": "20,28" },
	"character_ssgss_0xd9":  { "File": "character_ssgss.bmp", "Rect": "454,730,57,46", "Center": "22,33" },
	"character_ssgss_0xda":  { "File": "character_ssgss.bmp", "Rect": "739,444,40,65", "Center": "22,41" },
	"character_ssgss_0xdb":  { "File": "character_ssgss.bmp", "Rect": "570,715,40,64", "Center": "22,40" },
	"character_ssgss_0xdc":  { "File": "character_ssgss.bmp", "Rect": "739,446,40,63", "Center": "22,39" },
	"character_ssgss_0xdd":  { "File": "character_ssgss.bmp", "Rect": "570,715,40,64", "Center": "22,40" },
	"character_ssgss_0xde":  { "File": "character_ssgss.bmp", "Rect": "739,446,40,63", "Center": "22,39" },
	"character_ssgss_0xdf":  { "File": "character_ssgss.bmp", "Rect": "570,715,40,64", "Center": "22,40" },
	"character_ssgss_0xe0":  { "File": "character_ssgss.bmp", "Rect": "739,446,40,63", "Center": "22,39" },
	"character_ssgss_0xe1":  { "File": "character_ssgss.bmp", "Rect": "570,715,40,64", "Center": "22,40" },
	"character_ssgss_0xe2":  { "File": "character_ssgss.bmp", "Rect": "62,778,42,64", "Center": "18,40" },
	"character_ssgss_0xe3":  { "File": "character_ssgss.bmp", "Rect": "119,781,42,64", "Center": "20,40" },
	"character_ssgss_0xe4":  { "File": "character_ssgss.bmp", "Rect": "72,433,28,66", "Center": "22,23" },
	"character_ssgss_0xe5":  { "File": "character_ssgss.bmp", "Rect": "347,777,40,69", "Center": "24,30" },
	"character_ssgss_0xe6":  { "File": "character_ssgss.bmp", "Rect": "347,777,40,69", "Center": "24,30" },
	"character_ssgss_0xe7":  { "File": "character_ssgss.bmp", "Rect": "347,777,40,69", "Center": "24,30" },
	"character_ssgss_0xe8":  { "File": "character_ssgss.bmp", "Rect": "404,779,37,60", "Center": "21,24" },
	"character_ssgss_0xe9":  { "File": "character_ssgss.bmp", "Rect": "404,779,37,60", "Center": "21,24" },
	"character_ssgss_0xea":  { "File": "character_ssgss.bmp", "Rect": "404,779,37,60", "Center": "21,24" },
	"character_ssgss_0xeb":  { "File": "character_ssgss.bmp", "Rect": "568,788,40,48", "Center": "20,24" },
	"character_ssgss_0xec":  { "File": "character_ssgss.bmp", "Rect": "620,792,48,40", "Center": "24,20" },
	"character_ssgss_0xed":  { "File": "character_ssgss.bmp", "Rect": "684,788,32,48", "Center": "16,24" },
	"character_ssgss_0xee":  { "File": "character_ssgss.bmp", "Rect": "732,792,48,40", "Center": "24,20" },
	"character_ssgss_0xef":  { "File": "character_ssgss.bmp", "Rect": "1,121,61,39", "Center": "34,27" },
	"character_ssgss_0xf0":  { "File": "character_ssgss.bmp", "Rect": "64,121,61,38", "Center": "33,26" },
	"character_ssgss_0xf1":  { "File": "character_ssgss.bmp", "Rect": "1,121,61,39", "Center": "34,27" },
	"character_ssgss_0xf2":  { "File": "character_ssgss.bmp", "Rect": "185,341,23,40", "Center": "12,20" },
	"character_ssgss_0xf3":  { "File": "character_ssgss.bmp", "Rect": "228,849,61,38", "Center": "29,26" },
	"character_ssgss_0xf4":  { "File": "character_ssgss.bmp", "Rect": "166,848,61,39", "Center": "27,27" },
	"character_ssgss_0xf5":  { "File": "character_ssgss.bmp", "Rect": "228,849,61,38", "Center": "29,26" },
	"character_ssgss_0xf6":  { "File": "character_ssgss.bmp", "Rect": "166,848,61,39", "Center": "27,27" },
	"character_ssgss_0xf7":  { "File": "character_ssgss.bmp", "Rect": "228,849,61,38", "Center": "29,26" },
	"character_ssgss_0xf8":  { "File": "character_ssgss.bmp", "Rect": "185,341,23,40", "Center": "12,20" },
	"character_ssgss_0xf9":  { "File": "character_ssgss.bmp", "Rect": "1,121,61,39", "Center": "34,27" },
	"character_ssgss_0xfa":  { "File": "character_ssgss.bmp", "Rect": "64,121,61,38", "Center": "33,26" },
	"ssgss_dropdash_0":  { "File": "character_ssgss.bmp", "Rect": "177,675,43,49", "Center": "16,35" },
	"ssgss_dropdash_1":  { "File": "character_ssgss.bmp", "Rect": "177,675,43,49", "Center": "16,35" },
	"ssgss_peelout_0":  { "File": "character_ssgss.bmp", "Rect": "1,121,61,39", "Center": "34,27" },
	"ssgss_peelout_1":  { "File": "character_ssgss.bmp", "Rect": "64,121,61,38", "Center": "33,26" },
	"ssgss_peelout_2":  { "File": "character_ssgss.bmp", "Rect": "1,121,61,39", "Center": "34,27" },
	"ssgss_peelout_3":  { "File": "character_ssgss.bmp", "Rect": "64,121,61,38", "Center": "33,26" }
}