{
	"Metadata":
	{
		"Name": "Punch ability & Sonic",
		"Author": "Vamack & UltraArchieSonic",
		"Description": "Punch 'em all",
		"ModVersion": "1.1.1"
	},
	"Settings":
	{
		"List":
		[
			{	
				"InternalName": "Punch_SpeedLimit",
				"DisplayName": "Max speed While punching",
				"Variable": "ChooseSpeedLimit",
				"DefaultValue": "2",
				"Options":
				{
					"1": "Low",
					"2": "Medium",
					"3": "High",
					"4": "Extra High",
					"5": "Super Extra High",

				}
			},
			
			{
				"InternalName": "Punch_Button",
				"DisplayName": "Choose Button",
				"Variable": "ChooseButton",
				"DefaultValue": "1",
				"Options":
				{
					"0": "B",
					"1": "X",

				}
			},
			
			{
				"InternalName": "Punch_AlwaysBlock",
				"DisplayName": "Block the Jump button",
				"Variable": "BlockJumpButton",
				"DefaultValue": "0",
				"Options":
				{
					"0": "Always",
					"1": "When can punch",

				}
			},
			
			{
				"InternalName": "Punch_Character",
				"DisplayName": "Select a character",
				"Variable": "SelectCharacter",
				"DefaultValue": "0",
				"Options":
				{
					"0": "Both",
					"1": "Sonic",
					"2": "Knuckles",

				}
			},
			
			{
				"InternalName": "Punch_KnuxFrameCount",
				"DisplayName": "Knuckles' Animation frames",
				"Variable": "Choose.FrameCount",
				"DefaultValue": "4",
				"Options":
				{
					"3": "Three Frames",
					"4": "Four Frames",

				}
			}
			
			
		]
	}

}