{
	"character_hypersonic_standing_0x00":  { "File": "character_hypersonic.bmp", "Rect": "570,611,38,69", "Center": "22,48" },
	"character_hypersonic_standing_0x01":  { "File": "character_hypersonic.bmp", "Rect": "630,611,37,70", "Center": "21,49" },
	"character_hypersonic_standing_0x02":  { "File": "character_hypersonic.bmp", "Rect": "687,609,39,72", "Center": "23,51" },
	"character_hypersonic_standing_0x03":  { "File": "character_hypersonic.bmp", "Rect": "742,609,37,72", "Center": "21,50" }
}