{
	"character_hypersonic_0x01":  { "File": "character_hypersonic.bmp", "Rect": "0,6,54,43", "Center": "30,29" },
	"character_hypersonic_0x02":  { "File": "character_hypersonic.bmp", "Rect": "57,8,54,41", "Center": "31,28" },
	"character_hypersonic_0x03":  { "File": "character_hypersonic.bmp", "Rect": "117,8,54,40", "Center": "30,28" },
	"character_hypersonic_0x04":  { "File": "character_hypersonic.bmp", "Rect": "175,7,54,41", "Center": "30,28" },
	"character_hypersonic_0x05":  { "File": "character_hypersonic.bmp", "Rect": "0,6,54,43", "Center": "30,29" },
	"character_hypersonic_0x06":  { "File": "character_hypersonic.bmp", "Rect": "57,8,54,41", "Center": "31,28" },
	"character_hypersonic_0x07":  { "File": "character_hypersonic.bmp", "Rect": "117,8,54,40", "Center": "30,28" },
	"character_hypersonic_0x08":  { "File": "character_hypersonic.bmp", "Rect": "175,7,54,41", "Center": "30,28" },
	"character_hypersonic_0x09":  { "File": "character_hypersonic.bmp", "Rect": "456,4,40,48", "Center": "21,19" },
	"character_hypersonic_0x0a":  { "File": "character_hypersonic.bmp", "Rect": "508,8,48,40", "Center": "20,14" },
	"character_hypersonic_0x0b":  { "File": "character_hypersonic.bmp", "Rect": "568,8,40,40", "Center": "19,21" },
	"character_hypersonic_0x0c":  { "File": "character_hypersonic.bmp", "Rect": "620,8,48,40", "Center": "20,19" },
	"character_hypersonic_0x0d":  { "File": "character_hypersonic.bmp", "Rect": "680,4,40,48", "Center": "20,18" },
	"character_hypersonic_0x0e":  { "File": "character_hypersonic.bmp", "Rect": "732,4,48,48", "Center": "21,20" },
	"character_hypersonic_0x0f":  { "File": "character_hypersonic.bmp", "Rect": "792,8,40,40", "Center": "22,17" },
	"character_hypersonic_0x10":  { "File": "character_hypersonic.bmp", "Rect": "848,8,40,40", "Center": "20,18" },
	"character_hypersonic_0x11":  { "File": "character_hypersonic.bmp", "Rect": "8,64,40,40", "Center": "20,19" },
	"character_hypersonic_0x12":  { "File": "character_hypersonic.bmp", "Rect": "64,64,40,40", "Center": "20,19" },
	"character_hypersonic_0x13":  { "File": "character_hypersonic.bmp", "Rect": "120,68,40,32", "Center": "20,11" },
	"character_hypersonic_0x14":  { "File": "character_hypersonic.bmp", "Rect": "176,68,40,32", "Center": "20,13" },
	"character_hypersonic_0x15":  { "File": "character_hypersonic.bmp", "Rect": "232,64,40,40", "Center": "20,21" },
	"character_hypersonic_0x16":  { "File": "character_hypersonic.bmp", "Rect": "288,64,40,40", "Center": "20,20" },
	"character_hypersonic_0x17":  { "File": "character_hypersonic.bmp", "Rect": "344,68,40,32", "Center": "20,11" },
	"character_hypersonic_0x18":  { "File": "character_hypersonic.bmp", "Rect": "400,68,40,32", "Center": "20,11" },
	"character_hypersonic_0x19":  { "File": "character_hypersonic.bmp", "Rect": "452,64,48,40", "Center": "18,17" },
	"character_hypersonic_0x1a":  { "File": "character_hypersonic.bmp", "Rect": "512,60,40,48", "Center": "16,25" },
	"character_hypersonic_0x1b":  { "File": "character_hypersonic.bmp", "Rect": "568,64,40,40", "Center": "19,17" },
	"character_hypersonic_0x1c":  { "File": "character_hypersonic.bmp", "Rect": "624,60,40,48", "Center": "16,25" },
	"character_hypersonic_0x1d":  { "File": "character_hypersonic.bmp", "Rect": "676,64,48,40", "Center": "17,18" },
	"character_hypersonic_0x1e":  { "File": "character_hypersonic.bmp", "Rect": "732,60,48,48", "Center": "17,24" },
	"character_hypersonic_0x1f":  { "File": "character_hypersonic.bmp", "Rect": "792,64,40,40", "Center": "18,18" },
	"character_hypersonic_0x20":  { "File": "character_hypersonic.bmp", "Rect": "848,64,40,40", "Center": "18,18" },
	"character_hypersonic_0x21":  { "File": "character_hypersonic.bmp", "Rect": "1,119,61,41", "Center": "34,29" },
	"character_hypersonic_0x22":  { "File": "character_hypersonic.bmp", "Rect": "64,119,61,40", "Center": "33,28" },
	"character_hypersonic_0x23":  { "File": "character_hypersonic.bmp", "Rect": "1,119,61,41", "Center": "34,29" },
	"character_hypersonic_0x24":  { "File": "character_hypersonic.bmp", "Rect": "64,119,61,40", "Center": "33,28" },
	"character_hypersonic_0x25":  { "File": "character_hypersonic.bmp", "Rect": "232,120,40,40", "Center": "19,17" },
	"character_hypersonic_0x26":  { "File": "character_hypersonic.bmp", "Rect": "292,120,32,40", "Center": "16,18" },
	"character_hypersonic_0x27":  { "File": "character_hypersonic.bmp", "Rect": "344,120,40,40", "Center": "19,17" },
	"character_hypersonic_0x28":  { "File": "character_hypersonic.bmp", "Rect": "404,120,32,40", "Center": "16,18" },
	"character_hypersonic_0x29":  { "File": "character_hypersonic.bmp", "Rect": "456,124,40,32", "Center": "20,16" },
	"character_hypersonic_0x2a":  { "File": "character_hypersonic.bmp", "Rect": "512,124,40,32", "Center": "20,16" },
	"character_hypersonic_0x2b":  { "File": "character_hypersonic.bmp", "Rect": "568,124,40,32", "Center": "20,16" },
	"character_hypersonic_0x2c":  { "File": "character_hypersonic.bmp", "Rect": "624,124,40,32", "Center": "20,16" },
	"character_hypersonic_0x2d":  { "File": "character_hypersonic.bmp", "Rect": "680,120,40,40", "Center": "18,22" },
	"character_hypersonic_0x2e":  { "File": "character_hypersonic.bmp", "Rect": "736,124,40,32", "Center": "19,17" },
	"character_hypersonic_0x2f":  { "File": "character_hypersonic.bmp", "Rect": "792,120,40,40", "Center": "18,22" },
	"character_hypersonic_0x30":  { "File": "character_hypersonic.bmp", "Rect": "848,124,40,32", "Center": "19,17" },
	"character_hypersonic_0x31":  { "File": "character_hypersonic.bmp", "Rect": "11,166,35,58", "Center": "18,30" },
	"character_hypersonic_0x32":  { "File": "character_hypersonic.bmp", "Rect": "65,162,44,60", "Center": "28,29" },
	"character_hypersonic_0x33":  { "File": "character_hypersonic.bmp", "Rect": "113,161,61,68", "Center": "28,32" },
	"character_hypersonic_0x34":  { "File": "character_hypersonic.bmp", "Rect": "179,174,59,56", "Center": "27,30" },
	"character_hypersonic_0x35":  { "File": "character_hypersonic.bmp", "Rect": "239,170,66,56", "Center": "24,24" },
	"character_hypersonic_0x36":  { "File": "character_hypersonic.bmp", "Rect": "305,170,46,52", "Center": "14,26" },
	"character_hypersonic_0x37":  { "File": "character_hypersonic.bmp", "Rect": "349,166,35,59", "Center": "15,28" },
	"character_hypersonic_0x38":  { "File": "character_hypersonic.bmp", "Rect": "399,167,44,62", "Center": "15,33" },
	"character_hypersonic_0x39":  { "File": "character_hypersonic.bmp", "Rect": "451,163,60,67", "Center": "32,34" },
	"character_hypersonic_0x3a":  { "File": "character_hypersonic.bmp", "Rect": "511,164,57,53", "Center": "31,25" },
	"character_hypersonic_0x3b":  { "File": "character_hypersonic.bmp", "Rect": "568,167,66,54", "Center": "42,30" },
	"character_hypersonic_0x3c":  { "File": "character_hypersonic.bmp", "Rect": "634,178,45,52", "Center": "31,26" },
	"character_hypersonic_0x3d":  { "File": "character_hypersonic.bmp", "Rect": "11,166,35,58", "Center": "18,30" },
	"character_hypersonic_0x3e":  { "File": "character_hypersonic.bmp", "Rect": "65,162,44,60", "Center": "28,29" },
	"character_hypersonic_0x3f":  { "File": "character_hypersonic.bmp", "Rect": "113,161,61,68", "Center": "28,32" },
	"character_hypersonic_0x40":  { "File": "character_hypersonic.bmp", "Rect": "179,174,59,56", "Center": "27,30" },
	"character_hypersonic_0x41":  { "File": "character_hypersonic.bmp", "Rect": "239,170,66,56", "Center": "24,24" },
	"character_hypersonic_0x42":  { "File": "character_hypersonic.bmp", "Rect": "305,170,46,52", "Center": "14,26" },
	"character_hypersonic_0x43":  { "File": "character_hypersonic.bmp", "Rect": "349,166,35,59", "Center": "15,28" },
	"character_hypersonic_0x44":  { "File": "character_hypersonic.bmp", "Rect": "399,167,44,62", "Center": "15,33" },
	"character_hypersonic_0x45":  { "File": "character_hypersonic.bmp", "Rect": "451,163,60,67", "Center": "32,34" },
	"character_hypersonic_0x46":  { "File": "character_hypersonic.bmp", "Rect": "511,164,57,53", "Center": "31,25" },
	"character_hypersonic_0x47":  { "File": "character_hypersonic.bmp", "Rect": "568,167,66,54", "Center": "42,30" },
	"character_hypersonic_0x48":  { "File": "character_hypersonic.bmp", "Rect": "634,178,45,52", "Center": "31,26" },
	"character_hypersonic_0x49":  { "File": "character_hypersonic.bmp", "Rect": "570,714,40,65", "Center": "22,41" },
	"character_hypersonic_0x4a":  { "File": "character_hypersonic.bmp", "Rect": "739,444,40,65", "Center": "22,41" },
	"character_hypersonic_0x4b":  { "File": "character_hypersonic.bmp", "Rect": "570,714,40,66", "Center": "22,41" },
	"character_hypersonic_0x4c":  { "File": "character_hypersonic.bmp", "Rect": "739,444,40,65", "Center": "22,41" },
	"character_hypersonic_0x4d":  { "File": "character_hypersonic.bmp", "Rect": "570,714,40,65", "Center": "22,41" },
	"character_hypersonic_0x4e":  { "File": "character_hypersonic.bmp", "Rect": "739,444,40,65", "Center": "22,41" },
	"character_hypersonic_0x4f":  { "File": "character_hypersonic.bmp", "Rect": "570,714,40,66", "Center": "22,41" },
	"character_hypersonic_0x50":  { "File": "character_hypersonic.bmp", "Rect": "739,444,40,65", "Center": "22,41" },
	"character_hypersonic_0x51":  { "File": "character_hypersonic.bmp", "Rect": "570,714,40,66", "Center": "22,41" },
	"character_hypersonic_0x52":  { "File": "character_hypersonic.bmp", "Rect": "739,444,40,65", "Center": "22,41" },
	"character_hypersonic_0x53":  { "File": "character_hypersonic.bmp", "Rect": "570,714,40,66", "Center": "22,41" },
	"character_hypersonic_0x54":  { "File": "character_hypersonic.bmp", "Rect": "739,444,40,65", "Center": "22,41" },
	"character_hypersonic_0x55":  { "File": "character_hypersonic.bmp", "Rect": "345,274,38,68", "Center": "22,46" },
	"character_hypersonic_0x56":  { "File": "character_hypersonic.bmp", "Rect": "345,274,38,68", "Center": "22,46" },
	"character_hypersonic_0x57":  { "File": "character_hypersonic.bmp", "Rect": "345,274,38,68", "Center": "22,46" },
	"character_hypersonic_0x58":  { "File": "character_hypersonic.bmp", "Rect": "400,274,42,68", "Center": "20,47" },
	"character_hypersonic_0x59":  { "File": "character_hypersonic.bmp", "Rect": "460,278,34,61", "Center": "17,41" },
	"character_hypersonic_0x5a":  { "File": "character_hypersonic.bmp", "Rect": "460,278,34,61", "Center": "17,41" },
	"character_hypersonic_0x5b":  { "File": "character_hypersonic.bmp", "Rect": "460,278,34,61", "Center": "17,41" },
	"character_hypersonic_0x5c":  { "File": "character_hypersonic.bmp", "Rect": "604,288,68,41", "Center": "28,18" },
	"character_hypersonic_0x5d":  { "File": "character_hypersonic.bmp", "Rect": "680,296,40,24", "Center": "21,12" },
	"character_hypersonic_0x5e":  { "File": "character_hypersonic.bmp", "Rect": "736,296,40,24", "Center": "18,13" },
	"character_hypersonic_0x5f":  { "File": "character_hypersonic.bmp", "Rect": "781,288,68,41", "Center": "40,23" },
	"character_hypersonic_0x60":  { "File": "character_hypersonic.bmp", "Rect": "853,296,37,24", "Center": "18,12" },
	"character_hypersonic_0x61":  { "File": "character_hypersonic.bmp", "Rect": "8,352,40,24", "Center": "20,12" },
	"character_hypersonic_0x62":  { "File": "character_hypersonic.bmp", "Rect": "556,554,59,55", "Center": "31,39" },
	"character_hypersonic_0x63":  { "File": "character_hypersonic.bmp", "Rect": "118,329,41,69", "Center": "24,30" },
	"character_hypersonic_0x64":  { "File": "character_hypersonic.bmp", "Rect": "185,341,23,40", "Center": "12,21" },
	"character_hypersonic_0x65":  { "File": "character_hypersonic.bmp", "Rect": "240,344,24,40", "Center": "12,18" },
	"character_hypersonic_0x66":  { "File": "character_hypersonic.bmp", "Rect": "289,332,41,68", "Center": "16,40" },
	"character_hypersonic_0x67":  { "File": "character_hypersonic.bmp", "Rect": "353,345,23,42", "Center": "12,20" },
	"character_hypersonic_0x68":  { "File": "character_hypersonic.bmp", "Rect": "408,344,24,40", "Center": "11,19" },
	"character_hypersonic_0x69":  { "File": "character_hypersonic.bmp", "Rect": "11,166,35,58", "Center": "18,30" },
	"character_hypersonic_0x6a":  { "File": "character_hypersonic.bmp", "Rect": "65,162,44,60", "Center": "28,29" },
	"character_hypersonic_0x6b":  { "File": "character_hypersonic.bmp", "Rect": "113,161,61,68", "Center": "28,32" },
	"character_hypersonic_0x6c":  { "File": "character_hypersonic.bmp", "Rect": "179,174,59,56", "Center": "27,30" },
	"character_hypersonic_0x6d":  { "File": "character_hypersonic.bmp", "Rect": "239,170,66,56", "Center": "24,24" },
	"character_hypersonic_0x6e":  { "File": "character_hypersonic.bmp", "Rect": "305,170,46,52", "Center": "14,26" },
	"character_hypersonic_0x6f":  { "File": "character_hypersonic.bmp", "Rect": "349,166,35,59", "Center": "15,28" },
	"character_hypersonic_0x70":  { "File": "character_hypersonic.bmp", "Rect": "399,167,44,62", "Center": "15,33" },
	"character_hypersonic_0x71":  { "File": "character_hypersonic.bmp", "Rect": "451,163,60,67", "Center": "32,34" },
	"character_hypersonic_0x72":  { "File": "character_hypersonic.bmp", "Rect": "511,164,57,53", "Center": "31,25" },
	"character_hypersonic_0x73":  { "File": "character_hypersonic.bmp", "Rect": "568,167,66,54", "Center": "42,30" },
	"character_hypersonic_0x74":  { "File": "character_hypersonic.bmp", "Rect": "634,178,45,52", "Center": "31,26" },
	"character_hypersonic_0x75":  { "File": "character_hypersonic.bmp", "Rect": "11,166,35,58", "Center": "18,30" },
	"character_hypersonic_0x76":  { "File": "character_hypersonic.bmp", "Rect": "65,162,44,60", "Center": "28,29" },
	"character_hypersonic_0x77":  { "File": "character_hypersonic.bmp", "Rect": "65,162,44,60", "Center": "28,29" },
	"character_hypersonic_0x78":  { "File": "character_hypersonic.bmp", "Rect": "398,387,42,67", "Center": "31,21" },
	"character_hypersonic_0x79":  { "File": "character_hypersonic.bmp", "Rect": "452,400,48,40", "Center": "31,26" },
	"character_hypersonic_0x7a":  { "File": "character_hypersonic.bmp", "Rect": "508,400,48,40", "Center": "26,23" },
	"character_hypersonic_0x7b":  { "File": "character_hypersonic.bmp", "Rect": "568,396,40,48", "Center": "27,18" },
	"character_hypersonic_0x7c":  { "File": "character_hypersonic.bmp", "Rect": "624,396,40,48", "Center": "23,22" },
	"character_hypersonic_0x7d":  { "File": "character_hypersonic.bmp", "Rect": "676,400,48,40", "Center": "20,13" },
	"character_hypersonic_0x7e":  { "File": "character_hypersonic.bmp", "Rect": "732,400,48,40", "Center": "23,17" },
	"character_hypersonic_0x7f":  { "File": "character_hypersonic.bmp", "Rect": "792,396,40,48", "Center": "13,28" },
	"character_hypersonic_0x80":  { "File": "character_hypersonic.bmp", "Rect": "67,433,33,66", "Center": "27,23" },
	"character_hypersonic_0x81":  { "File": "character_hypersonic.bmp", "Rect": "11,437,32,62", "Center": "23,26" },
	"character_hypersonic_0x82":  { "File": "character_hypersonic.bmp", "Rect": "67,433,33,66", "Center": "27,23" },
	"character_hypersonic_0x83":  { "File": "character_hypersonic.bmp", "Rect": "11,437,32,62", "Center": "23,26" },
	"character_hypersonic_0x84":  { "File": "character_hypersonic.bmp", "Rect": "67,433,33,66", "Center": "27,23" },
	"character_hypersonic_0x85":  { "File": "character_hypersonic.bmp", "Rect": "11,437,32,62", "Center": "23,26" },
	"character_hypersonic_0x86":  { "File": "character_hypersonic_transformation.bmp", "Rect": "13,241,100,91", "Center": "49,69" },
	"character_hypersonic_0x87":  { "File": "character_hypersonic_transformation.bmp", "Rect": "124,236,101,97", "Center": "50,75" },
	"character_hypersonic_0x88":  { "File": "character_hypersonic_transformation.bmp", "Rect": "13,241,100,91", "Center": "49,69" },
	"character_hypersonic_0x89":  { "File": "character_hypersonic_transformation.bmp", "Rect": "124,236,101,97", "Center": "50,75" },
	"character_hypersonic_0x8a":  { "File": "character_hypersonic_transformation.bmp", "Rect": "13,241,100,91", "Center": "49,69" },
	"character_hypersonic_0x8b":  { "File": "character_hypersonic_transformation.bmp", "Rect": "124,236,101,97", "Center": "50,75" },
	"character_hypersonic_0x8c":  { "File": "character_hypersonic.bmp", "Rect": "605,445,70,47", "Center": "34,22" },
	"character_hypersonic_0x8d":  { "File": "character_hypersonic.bmp", "Rect": "605,445,70,47", "Center": "34,22" },
	"character_hypersonic_0x8e":  { "File": "character_hypersonic.bmp", "Rect": "739,444,40,65", "Center": "22,41" },
	"character_hypersonic_0x8f":  { "File": "character_hypersonic.bmp", "Rect": "779,446,60,64", "Center": "55,24" },
	"character_hypersonic_0x90":  { "File": "character_hypersonic.bmp", "Rect": "11,500,33,67", "Center": "29,23" },
	"character_hypersonic_0x91":  { "File": "character_hypersonic.bmp", "Rect": "65,501,35,67", "Center": "31,21" },
	"character_hypersonic_0x92":  { "File": "character_hypersonic.bmp", "Rect": "4,603,40,66", "Center": "34,22" },
	"character_hypersonic_0x93":  { "File": "character_hypersonic.bmp", "Rect": "4,603,40,66", "Center": "34,22" },
	"character_hypersonic_0x94":  { "File": "character_hypersonic.bmp", "Rect": "175,493,40,69", "Center": "23,30" },
	"character_hypersonic_0x95":  { "File": "character_hypersonic.bmp", "Rect": "233,490,40,68", "Center": "23,30" },
	"character_hypersonic_0x96":  { "File": "character_hypersonic.bmp", "Rect": "286,513,46,38", "Center": "23,22" },
	"character_hypersonic_0x97":  { "File": "character_hypersonic.bmp", "Rect": "341,509,42,45", "Center": "22,27" },
	"character_hypersonic_0x98":  { "File": "character_hypersonic.bmp", "Rect": "401,509,43,43", "Center": "17,22" },
	"character_hypersonic_0x99":  { "File": "character_hypersonic.bmp", "Rect": "458,509,44,44", "Center": "22,19" },
	"character_hypersonic_0x9a":  { "File": "character_hypersonic.bmp", "Rect": "510,509,43,42", "Center": "25,19" },
	"character_hypersonic_0x9b":  { "File": "character_hypersonic.bmp", "Rect": "568,499,48,51", "Center": "26,30" },
	"character_hypersonic_0x9c":  { "File": "character_hypersonic.bmp", "Rect": "622,507,49,42", "Center": "26,22" },
	"character_hypersonic_0x9d":  { "File": "character_hypersonic.bmp", "Rect": "622,507,49,42", "Center": "26,22" },
	"character_hypersonic_0x9e":  { "File": "character_hypersonic.bmp", "Rect": "622,507,49,42", "Center": "26,22" },
	"character_hypersonic_0x9f":  { "File": "character_hypersonic.bmp", "Rect": "622,507,49,42", "Center": "26,22" },
	"character_hypersonic_0xa0":  { "File": "character_hypersonic.bmp", "Rect": "622,507,49,42", "Center": "26,22" },
	"character_hypersonic_0xa1":  { "File": "character_hypersonic.bmp", "Rect": "287,553,39,69", "Center": "23,49" },
	"character_hypersonic_0xa2":  { "File": "character_hypersonic.bmp", "Rect": "120,539,39,70", "Center": "20,50" },
	"character_hypersonic_0xa3":  { "File": "character_hypersonic.bmp", "Rect": "287,553,39,69", "Center": "23,49" },
	"character_hypersonic_0xa4":  { "File": "character_hypersonic.bmp", "Rect": "120,539,39,70", "Center": "20,50" },
	"character_hypersonic_0xa5":  { "File": "character_hypersonic.bmp", "Rect": "287,553,39,69", "Center": "23,49" },
	"character_hypersonic_0xa6":  { "File": "character_hypersonic.bmp", "Rect": "120,539,39,69", "Center": "20,50" },
	"character_hypersonic_0xa7":  { "File": "character_hypersonic.bmp", "Rect": "342,568,48,42", "Center": "20,29" },
	"character_hypersonic_0xa8":  { "File": "character_hypersonic.bmp", "Rect": "342,568,48,42", "Center": "20,29" },
	"character_hypersonic_0xa9":  { "File": "character_hypersonic.bmp", "Rect": "342,568,48,42", "Center": "20,29" },
	"character_hypersonic_0xaa":  { "File": "character_hypersonic.bmp", "Rect": "498,554,59,55", "Center": "30,39" },
	"character_hypersonic_0xab":  { "File": "character_hypersonic.bmp", "Rect": "556,554,59,55", "Center": "31,39" },
	"character_hypersonic_0xac":  { "File": "character_hypersonic.bmp", "Rect": "616,556,60,52", "Center": "34,33" },
	"character_hypersonic_0xad":  { "File": "character_hypersonic.bmp", "Rect": "736,555,47,53", "Center": "26,31" },
	"character_hypersonic_0xae":  { "File": "character_hypersonic.bmp", "Rect": "791,554,44,49", "Center": "25,28" },
	"character_hypersonic_0xaf":  { "File": "character_hypersonic.bmp", "Rect": "454,726,53,50", "Center": "25,29" },
	"character_hypersonic_0xb0":  { "File": "character_hypersonic.bmp", "Rect": "847,554,44,54", "Center": "19,32" },
	"character_hypersonic_0xb1":  { "File": "character_hypersonic.bmp", "Rect": "8,612,38,58", "Center": "19,37" },
	"character_hypersonic_0xb2":  { "File": "character_hypersonic.bmp", "Rect": "62,613,41,57", "Center": "21,41" },
	"character_hypersonic_0xb3":  { "File": "character_hypersonic.bmp", "Rect": "8,612,38,58", "Center": "19,37" },
	"character_hypersonic_0xb4":  { "File": "character_hypersonic.bmp", "Rect": "165,611,55,61", "Center": "22,34" },
	"character_hypersonic_0xb5":  { "File": "character_hypersonic.bmp", "Rect": "220,611,55,61", "Center": "22,34" },
	"character_hypersonic_0xb6":  { "File": "character_hypersonic.bmp", "Rect": "277,624,57,53", "Center": "32,34" },
	"character_hypersonic_0xb7":  { "File": "character_hypersonic.bmp", "Rect": "277,624,57,53", "Center": "31,34" },
	"character_hypersonic_0xb8":  { "File": "character_hypersonic.bmp", "Rect": "277,624,57,53", "Center": "32,34" },
	"character_hypersonic_0xb9":  { "File": "character_hypersonic.bmp", "Rect": "277,624,57,53", "Center": "31,34" },
	"character_hypersonic_0xba":  { "File": "character_hypersonic.bmp", "Rect": "515,610,37,69", "Center": "21,48" },
	"character_hypersonic_0xbb":  { "File": "character_hypersonic.bmp", "Rect": "570,611,38,69", "Center": "22,48" },
	"character_hypersonic_0xbc":  { "File": "character_hypersonic.bmp", "Rect": "630,611,37,70", "Center": "21,49" },
	"character_hypersonic_0xbd":  { "File": "character_hypersonic.bmp", "Rect": "687,609,39,72", "Center": "23,51" },
	"character_hypersonic_0xbe":  { "File": "character_hypersonic.bmp", "Rect": "742,609,37,72", "Center": "21,50" },
	"character_hypersonic_0xbf":  { "File": "character_hypersonic.bmp", "Rect": "796,624,32,40", "Center": "18,20" },
	"character_hypersonic_0xc0":  { "File": "character_hypersonic.bmp", "Rect": "852,624,32,40", "Center": "18,20" },
	"character_hypersonic_0xc1":  { "File": "character_hypersonic.bmp", "Rect": "12,680,32,40", "Center": "13,20" },
	"character_hypersonic_0xc2":  { "File": "character_hypersonic.bmp", "Rect": "68,680,30,40", "Center": "13,20" },
	"character_hypersonic_0xc3":  { "File": "character_hypersonic.bmp", "Rect": "101,668,32,64", "Center": "22,42" },
	"character_hypersonic_0xc4":  { "File": "character_hypersonic.bmp", "Rect": "133,668,31,63", "Center": "22,42" },
	"character_hypersonic_0xc5":  { "File": "character_hypersonic.bmp", "Rect": "236,680,32,40", "Center": "19,20" },
	"character_hypersonic_0xc6":  { "File": "character_hypersonic.bmp", "Rect": "292,680,32,40", "Center": "18,20" },
	"character_hypersonic_0xc7":  { "File": "character_hypersonic.bmp", "Rect": "348,680,32,40", "Center": "19,20" },
	"character_hypersonic_0xc8":  { "File": "character_hypersonic.bmp", "Rect": "739,446,40,63", "Center": "22,39" },
	"character_hypersonic_0xc9":  { "File": "character_hypersonic.bmp", "Rect": "570,715,40,64", "Center": "22,40" },
	"character_hypersonic_0xca":  { "File": "character_hypersonic.bmp", "Rect": "739,446,40,63", "Center": "22,39" },
	"character_hypersonic_0xcb":  { "File": "character_hypersonic.bmp", "Rect": "570,715,40,64", "Center": "22,40" },
	"character_hypersonic_0xcc":  { "File": "character_hypersonic.bmp", "Rect": "739,446,40,63", "Center": "22,39" },
	"character_hypersonic_0xcd":  { "File": "character_hypersonic.bmp", "Rect": "570,715,40,64", "Center": "22,40" },
	"character_hypersonic_0xce":  { "File": "character_hypersonic.bmp", "Rect": "739,446,40,63", "Center": "22,39" },
	"character_hypersonic_0xcf":  { "File": "character_hypersonic.bmp", "Rect": "570,715,40,64", "Center": "22,40" },
	"character_hypersonic_0xd0":  { "File": "character_hypersonic.bmp", "Rect": "342,568,48,42", "Center": "20,29" },
	"character_hypersonic_0xd1":  { "File": "character_hypersonic.bmp", "Rect": "342,568,48,42", "Center": "20,29" },
	"character_hypersonic_0xd2":  { "File": "character_hypersonic_transformation.bmp", "Rect": "0,85,93,107", "Center": "48,74" },
	"character_hypersonic_0xd3":  { "File": "character_hypersonic_transformation.bmp", "Rect": "99,76,88,117", "Center": "46,82" },
	"character_hypersonic_0xd4":  { "File": "character_hypersonic_transformation.bmp", "Rect": "188,76,92,119", "Center": "46,81" },
	"character_hypersonic_0xd5":  { "File": "character_hypersonic_transformation.bmp", "Rect": "287,89,123,129", "Center": "61,91" },
	"character_hypersonic_0xd6":  { "File": "character_hypersonic_transformation.bmp", "Rect": "188,76,92,119", "Center": "46,81" },
	"character_hypersonic_0xd7":  { "File": "character_hypersonic.bmp", "Rect": "342,568,48,42", "Center": "20,29" },
	"character_hypersonic_0xd8":  { "File": "character_hypersonic.bmp", "Rect": "342,568,48,42", "Center": "20,29" },
	"character_hypersonic_0xd9":  { "File": "character_hypersonic.bmp", "Rect": "454,730,57,46", "Center": "22,33" },
	"character_hypersonic_0xda":  { "File": "character_hypersonic.bmp", "Rect": "739,444,40,65", "Center": "22,41" },
	"character_hypersonic_0xdb":  { "File": "character_hypersonic.bmp", "Rect": "570,715,40,64", "Center": "22,40" },
	"character_hypersonic_0xdc":  { "File": "character_hypersonic.bmp", "Rect": "739,446,40,63", "Center": "22,39" },
	"character_hypersonic_0xdd":  { "File": "character_hypersonic.bmp", "Rect": "570,715,40,64", "Center": "22,40" },
	"character_hypersonic_0xde":  { "File": "character_hypersonic.bmp", "Rect": "739,446,40,63", "Center": "22,39" },
	"character_hypersonic_0xdf":  { "File": "character_hypersonic.bmp", "Rect": "570,715,40,64", "Center": "22,40" },
	"character_hypersonic_0xe0":  { "File": "character_hypersonic.bmp", "Rect": "739,446,40,63", "Center": "22,39" },
	"character_hypersonic_0xe1":  { "File": "character_hypersonic.bmp", "Rect": "570,715,40,64", "Center": "22,40" },
	"character_hypersonic_0xe2":  { "File": "character_hypersonic.bmp", "Rect": "62,778,42,64", "Center": "18,40" },
	"character_hypersonic_0xe3":  { "File": "character_hypersonic.bmp", "Rect": "119,781,42,64", "Center": "20,40" },
	"character_hypersonic_0xe4":  { "File": "character_hypersonic.bmp", "Rect": "72,433,28,66", "Center": "22,23" },
	"character_hypersonic_0xe5":  { "File": "character_hypersonic.bmp", "Rect": "347,777,40,69", "Center": "24,30" },
	"character_hypersonic_0xe6":  { "File": "character_hypersonic.bmp", "Rect": "347,777,40,69", "Center": "24,30" },
	"character_hypersonic_0xe7":  { "File": "character_hypersonic.bmp", "Rect": "347,777,40,69", "Center": "24,30" },
	"character_hypersonic_0xe8":  { "File": "character_hypersonic.bmp", "Rect": "404,779,37,60", "Center": "21,24" },
	"character_hypersonic_0xe9":  { "File": "character_hypersonic.bmp", "Rect": "404,779,37,60", "Center": "21,24" },
	"character_hypersonic_0xea":  { "File": "character_hypersonic.bmp", "Rect": "404,779,37,60", "Center": "21,24" },
	"character_hypersonic_0xeb":  { "File": "character_hypersonic.bmp", "Rect": "568,788,40,48", "Center": "20,24" },
	"character_hypersonic_0xec":  { "File": "character_hypersonic.bmp", "Rect": "620,792,48,40", "Center": "24,20" },
	"character_hypersonic_0xed":  { "File": "character_hypersonic.bmp", "Rect": "684,788,32,48", "Center": "16,24" },
	"character_hypersonic_0xee":  { "File": "character_hypersonic.bmp", "Rect": "732,792,48,40", "Center": "24,20" },
	"character_hypersonic_0xef":  { "File": "character_hypersonic.bmp", "Rect": "1,119,61,41", "Center": "34,29" },
	"character_hypersonic_0xf0":  { "File": "character_hypersonic.bmp", "Rect": "64,119,61,40", "Center": "33,28" },
	"character_hypersonic_0xf1":  { "File": "character_hypersonic.bmp", "Rect": "1,119,61,41", "Center": "34,29" },
	"character_hypersonic_0xf2":  { "File": "character_hypersonic.bmp", "Rect": "185,341,23,40", "Center": "12,20" },
	"character_hypersonic_0xf3":  { "File": "character_hypersonic.bmp", "Rect": "228,847,61,40", "Center": "29,28" },
	"character_hypersonic_0xf4":  { "File": "character_hypersonic.bmp", "Rect": "166,847,61,40", "Center": "27,28" },
	"character_hypersonic_0xf5":  { "File": "character_hypersonic.bmp", "Rect": "228,847,61,40", "Center": "29,28" },
	"character_hypersonic_0xf6":  { "File": "character_hypersonic.bmp", "Rect": "166,847,61,40", "Center": "27,28" },
	"character_hypersonic_0xf7":  { "File": "character_hypersonic.bmp", "Rect": "228,847,61,40", "Center": "29,28" },
	"character_hypersonic_0xf8":  { "File": "character_hypersonic.bmp", "Rect": "185,341,23,40", "Center": "12,20" },
	"character_hypersonic_0xf9":  { "File": "character_hypersonic.bmp", "Rect": "1,119,61,41", "Center": "34,29" },
	"character_hypersonic_0xfa":  { "File": "character_hypersonic.bmp", "Rect": "64,119,61,40", "Center": "33,28" },
	"hypersonic_dropdash_0":  { "File": "character_hypersonic.bmp", "Rect": "177,675,43,49", "Center": "16,35" },
	"hypersonic_dropdash_1":  { "File": "character_hypersonic.bmp", "Rect": "177,675,43,49", "Center": "16,35" },
	"hypersonic_peelout_0":  { "File": "character_hypersonic.bmp", "Rect": "1,119,61,41", "Center": "34,29" },
	"hypersonic_peelout_1":  { "File": "character_hypersonic.bmp", "Rect": "64,119,61,40", "Center": "33,28" },
	"hypersonic_peelout_2":  { "File": "character_hypersonic.bmp", "Rect": "1,119,61,41", "Center": "34,29" },
	"hypersonic_peelout_3":  { "File": "character_hypersonic.bmp", "Rect": "64,119,61,40", "Center": "33,28" }
}