{
	"Result_Text_SPECIAL_STAGE_chaosstage":  { "File": "Result_Text.png", "Rect": "2,128,192,16", "Center": "96,0" },
	"Result_Text_GOT_A_chaosstage":  { "File": "Result_Text.png", "Rect": "116,110,72,16", "Center": "0,0" },
	"Result_Text_CHAOS_EMERALD_chaosstage":  { "File": "Result_Text.png", "Rect": "2,164,200,16", "Center": "100,0" },
	"Result_Text_SUPER_EMERALD_chaosstage":  { "File": "Result_Text.png", "Rect": "2,182,200,16", "Center": "100,0" },
	"Result_Text_GOT_ALL_chaosstage":  { "File": "Result_Text.png", "Rect": "116,110,102,16", "Center": "0,0" },
	"Result_Text_CHAOS_EMERALDS_chaosstage":  { "File": "Result_Text.png", "Rect": "2,164,216,16", "Center": "100,0" },
	"Result_Text_SUPER_EMERALDS_chaosstage":  { "File": "Result_Text.png", "Rect": "2,182,216,16", "Center": "100,0" },
	"Result_Text_NOW_chaosstage":  { "File": "Result_Text.png", "Rect": "2,146,56,16", "Center": "0,0" },
	"Result_Text_CAN_chaosstage":  { "File": "Result_Text.png", "Rect": "60,146,48,16", "Center": "0,0" },
	"Result_Text_BE_chaosstage":  { "File": "Result_Text.png", "Rect": "190,146,32,16", "Center": "0,0" },
	"Result_Text_CAN_GO_TO_chaosstage":  { "File": "Result_Text.png", "Rect": "60,146,128,16", "Center": "64,0" },
	"Result_Text_HIDDEN_PALACE_chaosstage":  { "File": "Result_Text.png", "Rect": "2,200,192,16", "Center": "96,0" },
	"Result_Text_SPECIAL_STAGE_superstage":  { "File": "Result_Text.png", "Rect": "2,20,192,16", "Center": "96,0" },
	"Result_Text_GOT_A_superstage":  { "File": "Result_Text.png", "Rect": "116,2,72,16", "Center": "0,0" },
	"Result_Text_CHAOS_EMERALD_superstage":  { "File": "Result_Text.png", "Rect": "2,56,200,16", "Center": "100,0" },
	"Result_Text_SUPER_EMERALD_superstage":  { "File": "Result_Text.png", "Rect": "2,74,200,16", "Center": "100,0" },
	"Result_Text_GOT_ALL_superstage":  { "File": "Result_Text.png", "Rect": "116,2,102,16", "Center": "0,0" },
	"Result_Text_CHAOS_EMERALDS_superstage":  { "File": "Result_Text.png", "Rect": "2,56,216,16", "Center": "100,0" },
	"Result_Text_SUPER_EMERALDS_superstage":  { "File": "Result_Text.png", "Rect": "2,74,216,16", "Center": "100,0" },
	"Result_Text_NOW_superstage":  { "File": "Result_Text.png", "Rect": "2,38,56,16", "Center": "0,0" },
	"Result_Text_CAN_superstage":  { "File": "Result_Text.png", "Rect": "60,38,48,16", "Center": "0,0" },
	"Result_Text_BE_superstage":  { "File": "Result_Text.png", "Rect": "190,38,32,16", "Center": "0,0" },
	"Result_Text_CAN_GO_TO_superstage":  { "File": "Result_Text.png", "Rect": "60,38,128,16", "Center": "64,0" },
	"Result_Text_HIDDEN_PALACE_superstage":  { "File": "Result_Text.png", "Rect": "2,92,192,16", "Center": "96,0" }
}