{
	// "titlecard_redbar_S3":  { "File": "TitleCard_RedBar_01_S3.bmp", "Rect": "0,48,64,176", "Center": "0,0" },
	// "titlecard_redbar_SK":  { "File": "TitleCard_RedBar_02_SK.bmp", "Rect": "0,48,64,176", "Center": "0,0" },
	// "titlecard_redbar_S3K":  { "File": "TitleCard_RedBar_03_S3K.bmp", "Rect": "0,48,64,176", "Center": "0,0" },
	// "titlecard_redbar_CUSTOM":  { "File": "TitleCard_RedBar_CUSTOM.bmp", "Rect": "0,48,64,176", "Center": "0,0" },
	"TitleCard_ZoneTitle_MVZ":  { "File": "TitleCard_ZoneTitle.bmp", "Rect": "0,183,248,24", "Center": "120,0" }
}