{
	"bluesphere_metal_0_0x01":  { "File": "bluesphere_metal.bmp", "Rect": "0,7,31,42", "Center": "16,36" },
	"bluesphere_metal_0_0x02":  { "File": "bluesphere_metal.bmp", "Rect": "31,1,31,54", "Center": "16,46" },
	"bluesphere_metal_0_0x03":  { "File": "bluesphere_metal.bmp", "Rect": "31,1,31,54", "Center": "16,47" },
	"bluesphere_metal_0_0x04":  { "File": "bluesphere_metal.bmp", "Rect": "31,1,31,54", "Center": "16,48" },
	"bluesphere_metal_0_0x05":  { "File": "bluesphere_metal.bmp", "Rect": "31,1,31,54", "Center": "16,48" },
	"bluesphere_metal_0_0x06":  { "File": "bluesphere_metal.bmp", "Rect": "31,1,31,54", "Center": "16,45" },
	"bluesphere_metal_0_0x07":  { "File": "bluesphere_metal.bmp", "Rect": "31,1,31,54", "Center": "16,44" },
	"bluesphere_metal_0_0x08":  { "File": "bluesphere_metal.bmp", "Rect": "31,1,31,54", "Center": "16,44" },
	"bluesphere_metal_0_0x09":  { "File": "bluesphere_metal.bmp", "Rect": "96,12,32,32", "Center": "16,38" },
	"bluesphere_metal_0_0x0a":  { "File": "bluesphere_metal.bmp", "Rect": "128,12,32,32", "Center": "16,38" },
	"bluesphere_metal_0_0x0b":  { "File": "bluesphere_metal.bmp", "Rect": "160,12,32,32", "Center": "16,38" },
	"bluesphere_metal_1_0x01":  { "File": "bluesphere_metal.bmp", "Rect": "0,7,31,42", "Center": "16,36" },
	"bluesphere_metal_1_0x02":  { "File": "bluesphere_metal.bmp", "Rect": "64,1,31,54", "Center": "16,46" },
	"bluesphere_metal_1_0x03":  { "File": "bluesphere_metal.bmp", "Rect": "64,1,31,54", "Center": "16,47" },
	"bluesphere_metal_1_0x04":  { "File": "bluesphere_metal.bmp", "Rect": "64,1,31,54", "Center": "16,48" },
	"bluesphere_metal_1_0x05":  { "File": "bluesphere_metal.bmp", "Rect": "64,1,31,54", "Center": "16,48" },
	"bluesphere_metal_1_0x06":  { "File": "bluesphere_metal.bmp", "Rect": "64,1,31,54", "Center": "16,45" },
	"bluesphere_metal_1_0x07":  { "File": "bluesphere_metal.bmp", "Rect": "64,1,31,54", "Center": "16,44" },
	"bluesphere_metal_1_0x08":  { "File": "bluesphere_metal.bmp", "Rect": "64,1,31,54", "Center": "16,44" },
	"bluesphere_metal_1_0x09":  { "File": "bluesphere_metal.bmp", "Rect": "96,12,32,32", "Center": "16,38" },
	"bluesphere_metal_1_0x0a":  { "File": "bluesphere_metal.bmp", "Rect": "128,12,32,32", "Center": "16,38" },
	"bluesphere_metal_1_0x0b":  { "File": "bluesphere_metal.bmp", "Rect": "160,12,32,32", "Center": "16,38" },
	"bluesphere_sonic_0x02":  { "File": "bluesphere_metal.bmp", "Rect": "31,1,31,54", "Center": "16,46" },
	"bluesphere_sonic_0x03":  { "File": "bluesphere_metal.bmp", "Rect": "31,1,31,54", "Center": "16,46" },
	"bluesphere_sonic_0x04":  { "File": "bluesphere_metal.bmp", "Rect": "31,1,31,54", "Center": "16,46" },
	"bluesphere_sonic_0x05":  { "File": "bluesphere_metal.bmp", "Rect": "31,1,31,54", "Center": "16,46" },
	"bluesphere_sonic_0x06":  { "File": "bluesphere_metal.bmp", "Rect": "31,1,31,54", "Center": "16,46" },
	"bluesphere_sonic_0x07":  { "File": "bluesphere_metal.bmp", "Rect": "31,1,31,54", "Center": "16,46" },
	"bluesphere_sonic_0x08":  { "File": "bluesphere_metal.bmp", "Rect": "31,1,31,54", "Center": "16,46" }
}