{
	"Metadata":
	{
		"Name": "Super/Hyper Cheats & Omnitrix",
		"Author": "Kike Prime",
		"Description": "Ultimate Transformation Control with 255 possible Super Forms!",
		"ModVersion": "2.0",
		"GameVersion": "24.02.02.0"
	},
	"UsesFeatures":
    {
        "Controls_LR": true
    },
"Settings":
{
	"Settings":
	[
		{
			"InternalName": "KaoszSmaragd",
			"DisplayName": "Chaos Emeralds are needed",
			"Variable": "KaoszSmaragd",
			"DefaultValue": "0x1",
			"Category": "Cheats",
			"Options":
			{
				"0x0": "Off",
				"0x1": "On"
			}
		},
		{
			"InternalName": "SzuperSmaragd",
			"DisplayName": "Super Emeralds are needed",
			"Variable": "SzuperSmaragd",
			"DefaultValue": "0x1",
			"Category": "Cheats",
			"Options":
			{
				"0x0": "Off",
				"0x1": "On"
			}
		},
		{
			"InternalName": "IgnoreTrade",
			"DisplayName": "Going Super after trading",
			"Variable": "IgnoreTrade",
			"DefaultValue": "0x1",
			"Category": "Cheats",
			"Options":
			{
				"0x0": "Off",
				"0x1": "On"
			}
		},
		{
			"InternalName": "NoRingDrain",
			"DisplayName": "No ring draining",
			"Variable": "NoRingDrain",
			"DefaultValue": "0x1",
			"Category": "Cheats",
			"Options":
			{
				"0x0": "Off",
				"0x1": "On"
			}
		},
		{
			"InternalName": "NoRingTrans",
			"DisplayName": "Transforming without rings",
			"Variable": "NoRingTrans",
			"DefaultValue": "0x1",
			"Category": "Cheats",
			"Options":
			{
				"0x0": "Off",
				"0x1": "On"
			}
		},
		{
			"InternalName": "HyperCost",
			"DisplayName": "Hyper Ring Cost",
			"Variable": "HyperRingCost",
			"DefaultValue": "0x0",
			"Category": "Gameplay Options",
			"Options":
			{
				"0x0": "50 Rings",
				"0x1": "75 Rings",
				"0x2": "100 Rings"
			}
		},
		{
			"InternalName": "HyperRingDrain",
			"DisplayName": "Hyper Ring Drain Speed",
			"Variable": "HyperRingDrain",
			"DefaultValue": "0x0",
			"Category": "Gameplay Options",
			"Options":
			{
				"0x0": "1x",
				"0x1": "2x"
			}
		},
		{
			"InternalName": "DDZFormChooser",
			"DisplayName": "Form in Doomsday Zone",
			"Variable": "DDZFormChooser",
			"DefaultValue": "0x1",
			"Category": "Gameplay Options",
			"Options":
			{
				"0x0": "Super",
				"0x1": "Hyper"
			}
		},
		{
			"InternalName": "EnableOmnitrix",
			"DisplayName": "Enable Omnitrix",
			"Variable": "EnableOmnitrix",
			"DefaultValue": "0x1",
			"Category": "Gameplay Options",
			"Options":
			{
				"0x0": "Off",
				"0x1": "On"
			}
		},
		{
			"InternalName": "EnableSuperMusic",
			"DisplayName": "Enable Super Music",
			"Variable": "EnableSuperMusic",
			"DefaultValue": "1",
			"Category": "Gameplay Options",
			"Options":
			{
				"0": "Off",
				"1": "On"
			}
		},
		{
			"InternalName": "TailsGlow",
			"DisplayName": "Super Tails Glow",
			"Variable": "TailsGlow",
			"DefaultValue": "0x1",
			"Category": "Palettes",
			"Options":
			{
				"0x0": "Cycle",
				"0x1": "Flash White"
			}
		},
		{
			"InternalName": "KnuxGlow",
			"DisplayName": "Super Knuckles Glow",
			"Variable": "KnuxGlow",
			"DefaultValue": "0x1",
			"Category": "Palettes",
			"Options":
			{
				"0x0": "Cycle",
				"0x1": "Flash White"
			}
		},
		{
			"InternalName": "SuperTailsPalette",
			"DisplayName": "Super Tails palette",
			"Variable": "SuperTailsPalette",
			"DefaultValue": "0x1",
			"Category": "Palettes",
			"Options":
			{
				"0x0": "Vanilla",
				"0x1": "Gold"
			}
		},
		{
			"InternalName": "HyperTailsPalette",
			"DisplayName": "Hyper Tails palette",
			"Variable": "HyperTailsPalette",
			"DefaultValue": "0x2",
			"Category": "Palettes",
			"Options":
			{
				"0x0": "Vanilla",
				"0x1": "Gold",
				"0x2": "Hyper"
			}
		},
		{
			"InternalName": "FlickyColor",
			"DisplayName": "Hyper Flicky color",
			"Variable": "FlickyColor",
			"DefaultValue": "0x1",
			"Category": "Palettes",
			"Options":
			{
				"0x0": "Gold",
				"0x1": "Hyper"
			}
		},
		{
			"InternalName": "SuperKnucklesPalette",
			"DisplayName": "Super Knuckles palette",
			"Variable": "SuperKnucklesPalette",
			"DefaultValue": "0x0",
			"Category": "Palettes",
			"Options":
			{
				"0x0": "Pink",
				"0x1": "Gold"
			}
		},
		{
			"InternalName": "HyperKnucklesPalette",
			"DisplayName": "Hyper Knuckles palette",
			"Variable": "HyperKnucklesPalette",
			"DefaultValue": "0x2",
			"Category": "Palettes",
			"Options":
			{
				"0x0": "Pink",
				"0x1": "Gold",
				"0x2": "Hyper"
			}
		},
		{
			"InternalName": "TransformStyle",
			"DisplayName": "Transform Style",
			"Variable": "TransformStyle",
			"DefaultValue": "0",
			"Category": "Visual Options",
			"Options":
			{
				"0": "Sonic 3 & Knuckles",
				"1": "Sonic Mania"
			}
		},
		{
			"InternalName": "SSonicStars",
			"DisplayName": "Super Sonic Super Stars",
			"Variable": "SuperSonicStars",
			"DefaultValue": "0x1",
			"Category": "Visual Options",
			"Options":
			{
				"0x0": "Off",
				"0x1": "On"
			}
		},
		{
			"InternalName": "STailsStars",
			"DisplayName": "Super Tails Super Stars",
			"Variable": "SuperTailsStars",
			"DefaultValue": "0",
			"Category": "Visual Options",
			"Options":
			{
				"0": "Off",
				"1": "On"
			}
		},
		{
			"InternalName": "SKnuxStars",
			"DisplayName": "Super Knuckles Super Stars",
			"Variable": "SuperKnuxStars",
			"DefaultValue": "0x1",
			"Category": "Visual Options",
			"Options":
			{
				"0x0": "Off",
				"0x1": "On"
			}
		},
		{
			"InternalName": "HSonicSStars",
			"DisplayName": "Hyper Sonic Super Stars",
			"Variable": "HSuperSonicStars",
			"DefaultValue": "0x1",
			"Category": "Visual Options",
			"Options":
			{
				"0x0": "Off",
				"0x1": "On"
			}
		},
		{
			"InternalName": "HTailsSStars",
			"DisplayName": "Hyper Tails Super Stars",
			"Variable": "HSuperTailsStars",
			"DefaultValue": "1",
			"Category": "Visual Options",
			"Options":
			{
				"0": "Off",
				"1": "On"
			}
		},
		{
			"InternalName": "HKnuxSStars",
			"DisplayName": "Hyper Knuckles Super Stars",
			"Variable": "HSuperKnuxStars",
			"DefaultValue": "0x1",
			"Category": "Visual Options",
			"Options":
			{
				"0x0": "Off",
				"0x1": "On"
			}
		},
		{
			"InternalName": "HSonicStars",
			"DisplayName": "Hyper Sonic Stars",
			"Variable": "HyperSonicStars",
			"DefaultValue": "0x1",
			"Category": "Visual Options",
			"Options":
			{
				"0x0": "Off",
				"0x1": "On"
			}
		},
		{
			"InternalName": "HTailsStars",
			"DisplayName": "Hyper Tails Stars",
			"Variable": "HyperTailsStars",
			"DefaultValue": "0x1",
			"Category": "Visual Options",
			"Options":
			{
				"0x0": "Off",
				"0x1": "On"
			}
		},
		{
			"InternalName": "HKnuxStars",
			"DisplayName": "Hyper Knuckles Stars",
			"Variable": "HyperKnuxStars",
			"DefaultValue": "0x0",
			"Category": "Visual Options",
			"Options":
			{
				"0x0": "Off",
				"0x1": "On"
			}
		},
		{
			"InternalName": "SSonicAfterImages",
			"DisplayName": "Super Sonic After Images",
			"Variable": "SuperSonicAfterImages",
			"DefaultValue": "0x1",
			"Category": "Visual Options",
			"Options":
			{
				"0x0": "Off",
				"0x1": "On"
			}
		},
		{
			"InternalName": "HSonicAfterImages",
			"DisplayName": "Hyper Sonic After Images",
			"Variable": "HyperSonicAfterImages",
			"DefaultValue": "0x1",
			"Category": "Visual Options",
			"Options":
			{
				"0x0": "Off",
				"0x1": "On"
			}
		},
		{
			"InternalName": "STailsAfterImages",
			"DisplayName": "Super Tails After Images",
			"Variable": "SuperTailsAfterImages",
			"DefaultValue": "0x1",
			"Category": "Visual Options",
			"Options":
			{
				"0x0": "Off",
				"0x1": "On"
			}
		},
		{
			"InternalName": "HTailsAfterImages",
			"DisplayName": "Hyper Tails After Images",
			"Variable": "HyperTailsAfterImages",
			"DefaultValue": "0x1",
			"Category": "Visual Options",
			"Options":
			{
				"0x0": "Off",
				"0x1": "On"
			}
		},
		{
			"InternalName": "SKnuxAfterImages",
			"DisplayName": "Super Knuckles After Images",
			"Variable": "SuperKnuxAfterImages",
			"DefaultValue": "0x1",
			"Category": "Visual Options",
			"Options":
			{
				"0x0": "Off",
				"0x1": "On"
			}
		},
		{
			"InternalName": "HKnuxAfterImages",
			"DisplayName": "Hyper Knuckles After Images",
			"Variable": "HyperKnuxAfterImages",
			"DefaultValue": "0x1",
			"Category": "Visual Options",
			"Options":
			{
				"0x0": "Off",
				"0x1": "On"
			}
		},
		{
			"InternalName": "HaveFlickies",
			"DisplayName": "Super Tails has Flickies",
			"Variable": "HaveSuperFlickies",
			"DefaultValue": "0x0",
			"Category": "Visual Options",
			"Options":
			{
				"0x0": "Off",
				"0x1": "On"
			}
		},
		{
			"InternalName": "HaveHyperFlickies",
			"DisplayName": "Hyper Tails has Flickies",
			"Variable": "HaveHyperFlickies",
			"DefaultValue": "0x1",
			"Category": "Visual Options",
			"Options":
			{
				"0x0": "Off",
				"0x1": "On"
			}
		}
	]
}
}