{
	"character_hyperknuckles_standing_0x00": { "File": "character_hyperknuckles_standing.bmp", "Rect": "8,8,32,40", "Center": "13,20" },
	"character_hyperknuckles_standing_0x01": { "File": "character_hyperknuckles_standing.bmp", "Rect": "56,8,32,40", "Center": "13,20" },
	"character_hyperknuckles_standing_0x02": { "File": "character_hyperknuckles_standing.bmp", "Rect": "104,8,32,40", "Center": "13,20" },
	"character_hyperknuckles_standing_0x03": { "File": "character_hyperknuckles_standing.bmp", "Rect": "152,8,32,40", "Center": "13,20" },
	"character_hyperknuckles_standing_0x04": { "File": "character_hyperknuckles_standing.bmp", "Rect": "200,8,32,40", "Center": "13,20" },
	"character_hyperknuckles_standing_0x05": { "File": "character_hyperknuckles_standing.bmp", "Rect": "248,8,32,40", "Center": "13,20" }
}
