{
	// Left
	"character_knuckles_glide_turn_left_0x00": { "File": "character_knuckles_glide_turn.bmp", "Rect" : "0, 0, 48, 24",		"Center" : "24, 12" },
	"character_knuckles_glide_turn_left_0x01": { "File": "character_knuckles_glide_turn.bmp", "Rect" : "50, 0, 40, 24",		"Center" : "20, 12" },
	"character_knuckles_glide_turn_left_0x02": { "File": "character_knuckles_glide_turn.bmp", "Rect" : "50, 0, 40, 24",		"Center" : "20, 12" },
	"character_knuckles_glide_turn_left_0x03": { "File": "character_knuckles_glide_turn.bmp", "Rect" : "100, 0, 32, 24",	"Center" : "16, 12" },
	"character_knuckles_glide_turn_left_0x04": { "File": "character_knuckles_glide_turn.bmp", "Rect" : "100, 0, 32, 24",	"Center" : "16, 12" },
	"character_knuckles_glide_turn_left_0x05": { "File": "character_knuckles_glide_turn.bmp", "Rect" : "150, 0, 40, 24",	"Center" : "20, 12" },
	"character_knuckles_glide_turn_left_0x06": { "File": "character_knuckles_glide_turn.bmp", "Rect" : "150, 0, 40, 24",	"Center" : "20, 12" },
	"character_knuckles_glide_turn_left_0x07": { "File": "character_knuckles_glide_turn.bmp", "Rect" : "200, 0, 48, 24",	"Center" : "24, 12" },

	// Right
	"character_knuckles_glide_turn_right_0x00": { "File": "character_knuckles_glide_turn.bmp", "Rect" : "0,   26, 46, 24",	"Center" : "23, 12" },
	"character_knuckles_glide_turn_right_0x01": { "File": "character_knuckles_glide_turn.bmp", "Rect" : "50,  26, 46, 24",	"Center" : "23, 12" },
	"character_knuckles_glide_turn_right_0x02": { "File": "character_knuckles_glide_turn.bmp", "Rect" : "100, 26, 29, 24",	"Center" : "14, 12" },
	"character_knuckles_glide_turn_right_0x03": { "File": "character_knuckles_glide_turn.bmp", "Rect" : "150, 26, 46, 24",	"Center" : "23, 12" },
	"character_knuckles_glide_turn_right_0x04": { "File": "character_knuckles_glide_turn.bmp", "Rect" : "200, 26, 46, 24",	"Center" : "23, 12" }
}
