{
	"character_supertails_standing_0x00": { "File": "character_supertails_standing.bmp", "Rect": "8,8,24,32", "Center": "12,16" },
	"character_supertails_standing_0x01": { "File": "character_supertails_standing.bmp", "Rect": "48,8,24,32", "Center": "12,16" },
	"character_supertails_standing_0x02": { "File": "character_supertails_standing.bmp", "Rect": "88,8,24,32", "Center": "12,16" },
	"character_supertails_standing_0x03": { "File": "character_supertails_standing.bmp", "Rect": "128,8,24,32", "Center": "12,16" },
	"character_supertails_standing_0x04": { "File": "character_supertails_standing.bmp", "Rect": "168,8,24,32", "Center": "12,16" },
	"character_supertails_standing_0x05": { "File": "character_supertails_standing.bmp", "Rect": "208,8,24,32", "Center": "12,16" }
}
