{
	"Metadata":
	{
		"Name": "Ultimate Metal",
		"Author": "Sotaknuck",
		"Description": "Metal Sonic is playable with a CD inspired Moveset and animations inspired from his appearance in Sonic 3D in 2D",
		"URL": "https://sotaknuck.itch.io/sonic3d2d",
		"ModVersion": "1.9"		
	},
	"Settings":
	{
		"Group1":
		[			
			{
				"InternalName": "MetalPalette",
				"DisplayName": "Metal Sonic's Palette:",
				"Variable": "Metal.Palette",
				"DefaultValue": "0",				
				"Options":
				{
					"0": "Ultimate",
					"1": "CD",
					"2": "Chaotix",
					"3": "Mania",
					"4": "Silver",
					"5": "Robo",
					"6": "Mecha",
					"7": "MK2",
					"8": "Kai"				
				}
			},
			{
				"InternalName": "HyperStars",
				"DisplayName": "Hyper form stars:",
				"Variable": "HyperStars",
				"DefaultValue": "1",				
				"Options":
				{
					"0": "Sonic 3 & Knuckles",
					"1": "Sonic 3D in 2D"
				}
			}
		]
	}
}
