{
	"Metadata":
	{
		"Name": "Characters Go Super Then Hyper",
		"Author": "Bluestreak",
		"Description": "Want more control over your Super and Hyper forms? This is the mod for you!",
		"ModVersion": "1.10",
		"GameVersion": "20.07.24.0"
	},
"Settings":
{
	"Settings":
	[
		{
			"InternalName": "TransformStyle",
			"DisplayName": "Transform Style",
			"Variable": "TransformStyle",
			"DefaultValue": "0x0",
			"Category": "Visual Options",
			"Options":
			{
				"0x0": "Sonic 3 & Knuckles",
				"0x1": "Sonic Mania"
			}
		},
		{
			"InternalName": "SSonicStars",
			"DisplayName": "Super Sonic Stars",
			"Variable": "SuperSonicStars",
			"DefaultValue": "0x1",
			"Category": "Visual Options",
			"Options":
			{
				"0x0": "Off",
				"0x1": "On"
			}
		},
		{
			"InternalName": "SKnuxStars",
			"DisplayName": "Super Knuckles Stars",
			"Variable": "SuperKnuxStars",
			"DefaultValue": "0x1",
			"Category": "Visual Options",
			"Options":
			{
				"0x0": "Off",
				"0x1": "On"
			}
		},
		{
			"InternalName": "HSonicStars",
			"DisplayName": "Hyper Sonic Stars",
			"Variable": "HyperSonicStars",
			"DefaultValue": "0x1",
			"Category": "Visual Options",
			"Options":
			{
				"0x0": "Off",
				"0x1": "On"
			}
		},
		{
			"InternalName": "HKnuxStars",
			"DisplayName": "Hyper Knuckles Stars",
			"Variable": "HyperKnuxStars",
			"DefaultValue": "0x0",
			"Category": "Visual Options",
			"Options":
			{
				"0x0": "Off",
				"0x1": "On"
			}
		},
		{
			"InternalName": "HyperCost",
			"DisplayName": "Hyper Ring Cost",
			"Variable": "HyperRingCost",
			"DefaultValue": "0x0",
			"Category": "Gameplay Options",
			"Options":
			{
				"0x0": "50 Rings",
				"0x1": "75 Rings",
				"0x2": "100 Rings"
			}
		},
		{
			"InternalName": "HyperRingDrain",
			"DisplayName": "Hyper Ring Drain Speed",
			"Variable": "HyperRingDrain",
			"DefaultValue": "0x0",
			"Category": "Gameplay Options",
			"Options":
			{
				"0x0": "1x",
				"0x1": "2x"
			}
		},
		{
			"InternalName": "DDZFormChooser",
			"DisplayName": "Form In Doomsday Zone",
			"Variable": "DDZFormChooser",
			"DefaultValue": "0x1",
			"Category": "Gameplay Options",
			"Options":
			{
				"0x0": "Super",
				"0x1": "Hyper"
			}
		}
	]
}
}