{
	"character_knuckles_0x01": { "File": "character_knuckles_t.bmp", "Rect": "8,64,48,48", "Center": "24,28" },
	"character_knuckles_0x02": { "File": "character_knuckles_t.bmp", "Rect": "64,64,48,48", "Center": "24,28" },
	"character_knuckles_0x03": { "File": "character_knuckles_t.bmp", "Rect": "120,64,48,48", "Center": "24,28" },
	"character_knuckles_0x04": { "File": "character_knuckles_t.bmp", "Rect": "176,64,48,48", "Center": "24,28" },
	"character_knuckles_0x05": { "File": "character_knuckles_t.bmp", "Rect": "232,64,48,48", "Center": "24,28" },
	"character_knuckles_0x06": { "File": "character_knuckles_t.bmp", "Rect": "288,64,48,48", "Center": "24,28" },
	"character_knuckles_0x07": { "File": "character_knuckles_t.bmp", "Rect": "344,64,48,48", "Center": "24,28" },
	"character_knuckles_0x08": { "File": "character_knuckles_t.bmp", "Rect": "400,64,48,48", "Center": "24,28" },
	"character_knuckles_0x09": { "File": "character_knuckles_t.bmp", "Rect": "460,4,48,48", "Center": "24,24" },
	"character_knuckles_0x0a": { "File": "character_knuckles_t.bmp", "Rect": "512,8,48,48", "Center": "24,24" },
	"character_knuckles_0x0b": { "File": "character_knuckles_t.bmp", "Rect": "572,8,48,48", "Center": "24,24" },
	"character_knuckles_0x0c": { "File": "character_knuckles_t.bmp", "Rect": "628,8,48,48", "Center": "24,24" },
	"character_knuckles_0x0d": { "File": "character_knuckles_t.bmp", "Rect": "684,4,48,48", "Center": "24,24" },
	"character_knuckles_0x0e": { "File": "character_knuckles_t.bmp", "Rect": "740,8,48,48", "Center": "24,24" },
	"character_knuckles_0x0f": { "File": "character_knuckles_t.bmp", "Rect": "796,8,48,48", "Center": "24,24" },
	"character_knuckles_0x10": { "File": "character_knuckles_t.bmp", "Rect": "852,8,48,48", "Center": "24,24" },
	"character_knuckles_0x11": { "File": "character_knuckles_t.bmp", "Rect": "8,64,48,48", "Center": "24,28" },
	"character_knuckles_0x12": { "File": "character_knuckles_t.bmp", "Rect": "64,64,48,48", "Center": "24,28" },
	"character_knuckles_0x13": { "File": "character_knuckles_t.bmp", "Rect": "120,68,48,48", "Center": "24,28" },
	"character_knuckles_0x14": { "File": "character_knuckles_t.bmp", "Rect": "176,68,48,48", "Center": "24,28" },
	"character_knuckles_0x15": { "File": "character_knuckles_t.bmp", "Rect": "232,64,48,48", "Center": "24,24" },
	"character_knuckles_0x16": { "File": "character_knuckles_t.bmp", "Rect": "288,64,48,48", "Center": "24,24" },
	"character_knuckles_0x17": { "File": "character_knuckles_t.bmp", "Rect": "344,68,48,48", "Center": "24,24" },
	"character_knuckles_0x18": { "File": "character_knuckles_t.bmp", "Rect": "400,64,48,48", "Center": "24,24" },
	"character_knuckles_0x19": { "File": "character_knuckles_t.bmp", "Rect": "452,68,48,48", "Center": "24,24" },
	"character_knuckles_0x1a": { "File": "character_knuckles_t.bmp", "Rect": "512,64,48,48", "Center": "24,24" },
	"character_knuckles_0x1b": { "File": "character_knuckles_t.bmp", "Rect": "568,68,48,48", "Center": "24,24" },
	"character_knuckles_0x1c": { "File": "character_knuckles_t.bmp", "Rect": "624,68,48,48", "Center": "24,24" },
	"character_knuckles_0x1d": { "File": "character_knuckles_t.bmp", "Rect": "676,68,48,48", "Center": "24,24" },
	"character_knuckles_0x1e": { "File": "character_knuckles_t.bmp", "Rect": "736,68,48,48", "Center": "24,24" },
	"character_knuckles_0x1f": { "File": "character_knuckles_t.bmp", "Rect": "792,68,48,48", "Center": "24,24" },
	"character_knuckles_0x20": { "File": "character_knuckles_t.bmp", "Rect": "848,68,48,48", "Center": "24,24" },
	"character_knuckles_0x21": { "File": "character_knuckles_t.bmp", "Rect": "464,64,48,48", "Center": "24,28" },
	"character_knuckles_0x22": { "File": "character_knuckles_t.bmp", "Rect": "520,64,48,48", "Center": "24,28" },
	"character_knuckles_0x23": { "File": "character_knuckles_t.bmp", "Rect": "576,64,48,48", "Center": "24,28" },
	"character_knuckles_0x24": { "File": "character_knuckles_t.bmp", "Rect": "632,64,48,48", "Center": "24,28" },
	"character_knuckles_0x25": { "File": "character_knuckles_t.bmp", "Rect": "232,120,48,48", "Center": "24,24" },
	"character_knuckles_0x26": { "File": "character_knuckles_t.bmp", "Rect": "288,120,48,48", "Center": "24,24" },
	"character_knuckles_0x27": { "File": "character_knuckles_t.bmp", "Rect": "348,120,48,48", "Center": "24,24" },
	"character_knuckles_0x28": { "File": "character_knuckles_t.bmp", "Rect": "400,120,48,48", "Center": "24,24" },
	"character_knuckles_0x29": { "File": "character_knuckles_t.bmp", "Rect": "456,124,48,48", "Center": "24,24" },
	"character_knuckles_0x2a": { "File": "character_knuckles_t.bmp", "Rect": "512,124,48,48", "Center": "24,24" },
	"character_knuckles_0x2b": { "File": "character_knuckles_t.bmp", "Rect": "568,124,48,48", "Center": "24,24" },
	"character_knuckles_0x2c": { "File": "character_knuckles_t.bmp", "Rect": "624,124,48,48", "Center": "24,24" },
	"character_knuckles_0x2d": { "File": "character_knuckles_t.bmp", "Rect": "680,120,48,48", "Center": "24,24" },
	"character_knuckles_0x2e": { "File": "character_knuckles_t.bmp", "Rect": "736,120,48,48", "Center": "24,24" },
	"character_knuckles_0x2f": { "File": "character_knuckles_t.bmp", "Rect": "792,124,48,48", "Center": "24,24" },
	"character_knuckles_0x30": { "File": "character_knuckles_t.bmp", "Rect": "848,120,48,48", "Center": "24,24" },
	"character_knuckles_0x31": { "File": "character_knuckles_t.bmp", "Rect": "8,232,48,48", "Center": "24,28" },
	"character_knuckles_0x32": { "File": "character_knuckles_t.bmp", "Rect": "64,232,48,48", "Center": "24,28" },
	"character_knuckles_0x33": { "File": "character_knuckles_t.bmp", "Rect": "120,232,48,48", "Center": "24,28" },
	"character_knuckles_0x34": { "File": "character_knuckles_t.bmp", "Rect": "176,232,48,48", "Center": "24,28" },
	"character_knuckles_0x35": { "File": "character_knuckles_t.bmp", "Rect": "232,232,48,48", "Center": "24,28" },
	"character_knuckles_0x36": { "File": "character_knuckles_t.bmp", "Rect": "288,232,48,48", "Center": "24,28" },
	"character_knuckles_0x37": { "File": "character_knuckles_t.bmp", "Rect": "344,232,48,48", "Center": "24,28" },
	"character_knuckles_0x38": { "File": "character_knuckles_t.bmp", "Rect": "400,232,48,48", "Center": "24,28" },
	"character_knuckles_0x39": { "File": "character_knuckles_t.bmp", "Rect": "456,232,48,48", "Center": "24,28" },
	"character_knuckles_0x3a": { "File": "character_knuckles_t.bmp", "Rect": "512,232,48,48", "Center": "24,28" },
	"character_knuckles_0x3b": { "File": "character_knuckles_t.bmp", "Rect": "568,232,48,48", "Center": "24,28" },
	"character_knuckles_0x3c": { "File": "character_knuckles_t.bmp", "Rect": "624,232,48,48", "Center": "24,28" },
	"character_knuckles_0x3d": { "File": "character_knuckles_t.bmp", "Rect": "8,288,48,48", "Center": "24,28" },
	"character_knuckles_0x3e": { "File": "character_knuckles_t.bmp", "Rect": "64,288,48,48", "Center": "24,28" },
	"character_knuckles_0x3f": { "File": "character_knuckles_t.bmp", "Rect": "120,288,48,48", "Center": "24,28" },
	"character_knuckles_0x40": { "File": "character_knuckles_t.bmp", "Rect": "176,288,48,48", "Center": "24,28" },
	"character_knuckles_0x41": { "File": "character_knuckles_t.bmp", "Rect": "232,288,48,48", "Center": "24,28" },
	"character_knuckles_0x42": { "File": "character_knuckles_t.bmp", "Rect": "288,288,48,48", "Center": "24,28" },
	"character_knuckles_0x43": { "File": "character_knuckles_t.bmp", "Rect": "344,288,48,48", "Center": "24,28" },
	"character_knuckles_0x44": { "File": "character_knuckles_t.bmp", "Rect": "400,288,48,48", "Center": "24,28" },
	"character_knuckles_0x45": { "File": "character_knuckles_t.bmp", "Rect": "456,288,48,48", "Center": "24,28" },
	"character_knuckles_0x46": { "File": "character_knuckles_t.bmp", "Rect": "512,288,48,48", "Center": "24,28" },
	"character_knuckles_0x47": { "File": "character_knuckles_t.bmp", "Rect": "568,288,48,48", "Center": "24,28" },
	"character_knuckles_0x48": { "File": "character_knuckles_t.bmp", "Rect": "624,288,48,48", "Center": "24,28" },
	"character_knuckles_0x49": { "File": "character_knuckles_t.bmp", "Rect": "8,408,48,48", "Center": "24,28" },
	"character_knuckles_0x4a": { "File": "character_knuckles_t.bmp", "Rect": "64,408,48,48", "Center": "24,28" },
	"character_knuckles_0x4b": { "File": "character_knuckles_t.bmp", "Rect": "120,408,48,48", "Center": "24,28" },
	"character_knuckles_0x4c": { "File": "character_knuckles_t.bmp", "Rect": "176,408,48,48", "Center": "24,28" },
	"character_knuckles_0x4d": { "File": "character_knuckles_t.bmp", "Rect": "232,408,48,48", "Center": "24,28" },
	"character_knuckles_0x4e": { "File": "character_knuckles_t.bmp", "Rect": "288,408,48,48", "Center": "24,28" },
	"character_knuckles_0x4f": { "File": "character_knuckles_t.bmp", "Rect": "344,408,48,48", "Center": "24,28" },
	"character_knuckles_0x50": { "File": "character_knuckles_t.bmp", "Rect": "400,408,48,48", "Center": "24,28" },
	"character_knuckles_0x51": { "File": "character_knuckles_t.bmp", "Rect": "456,408,48,48", "Center": "24,28" },
	"character_knuckles_0x52": { "File": "character_knuckles_t.bmp", "Rect": "512,408,48,48", "Center": "24,28" },
	"character_knuckles_0x53": { "File": "character_knuckles_t.bmp", "Rect": "568,408,48,48", "Center": "24,28" },
	"character_knuckles_0x54": { "File": "character_knuckles_t.bmp", "Rect": "624,408,48,48", "Center": "24,28" },
	"character_knuckles_0x55": { "File": "character_knuckles_t.bmp", "Rect": "8,176,48,48", "Center": "24,28" },
	"character_knuckles_0x56": { "File": "character_knuckles_t.bmp", "Rect": "8,8,48,48", "Center": "24,28" },
	"character_knuckles_0x57": { "File": "character_knuckles_t.bmp", "Rect": "120,176,48,48", "Center": "24,28" },
	"character_knuckles_0x58": { "File": "character_knuckles_t.bmp", "Rect": "176,176,48,48", "Center": "24,28" },
	"character_knuckles_0x59": { "File": "character_knuckles_t.bmp", "Rect": "232,176,48,48", "Center": "24,28" },
	"character_knuckles_0x5a": { "File": "character_knuckles_t.bmp", "Rect": "288,176,48,48", "Center": "24,28" },
	"character_knuckles_0x5b": { "File": "character_knuckles_t.bmp", "Rect": "344,176,48,48", "Center": "24,28" },
	"character_knuckles_0x5c": { "File": "character_knuckles_t.bmp", "Rect": "8,344,56,48", "Center": "32,28" },
	"character_knuckles_0x5d": { "File": "character_knuckles_t.bmp", "Rect": "72,344,56,48", "Center": "20,28" },
	"character_knuckles_0x5e": { "File": "character_knuckles_t.bmp", "Rect": "136,344,56,48", "Center": "32,28" },
	"character_knuckles_0x5f": { "File": "character_knuckles_t.bmp", "Rect": "200,344,56,48", "Center": "24,28" },
	"character_knuckles_0x60": { "File": "character_knuckles_t.bmp", "Rect": "264,344,56,48", "Center": "20,28" },
	"character_knuckles_0x61": { "File": "character_knuckles_t.bmp", "Rect": "328,344,56,48", "Center": "28,28" },
	"character_knuckles_0x62": { "File": "character_knuckles_t.bmp", "Rect": "8,352,48,48", "Center": "24,28" },
	"character_knuckles_0x63": { "File": "character_knuckles_t.bmp", "Rect": "400,344,48,56", "Center": "24,28" },
	"character_knuckles_0x64": { "File": "character_knuckles_t.bmp", "Rect": "456,344,48,56", "Center": "24,28" },
	"character_knuckles_0x65": { "File": "character_knuckles_t.bmp", "Rect": "512,344,48,56", "Center": "24,28" },
	"character_knuckles_0x66": { "File": "character_knuckles_t.bmp", "Rect": "568,344,48,56", "Center": "24,28" },
	"character_knuckles_0x67": { "File": "character_knuckles_t.bmp", "Rect": "624,344,48,56", "Center": "24,28" },
	"character_knuckles_0x68": { "File": "character_knuckles_t.bmp", "Rect": "680,344,48,56", "Center": "24,28" },
	"character_knuckles_0x69": { "File": "character_knuckles_t.bmp", "Rect": "8,464,48,48", "Center": "24,28" },
	"character_knuckles_0x6a": { "File": "character_knuckles_t.bmp", "Rect": "64,464,48,48", "Center": "24,28" },
	"character_knuckles_0x6b": { "File": "character_knuckles_t.bmp", "Rect": "120,464,48,48", "Center": "24,28" },
	"character_knuckles_0x6c": { "File": "character_knuckles_t.bmp", "Rect": "184,464,48,48", "Center": "24,28" },
	"character_knuckles_0x6d": { "File": "character_knuckles_t.bmp", "Rect": "240,464,48,48", "Center": "24,28" },
	"character_knuckles_0x6e": { "File": "character_knuckles_t.bmp", "Rect": "296,464,48,48", "Center": "24,28" },
	"character_knuckles_0x6f": { "File": "character_knuckles_t.bmp", "Rect": "352,464,48,48", "Center": "24,28" },
	"character_knuckles_0x70": { "File": "character_knuckles_t.bmp", "Rect": "408,464,48,48", "Center": "24,28" },
	"character_knuckles_0x71": { "File": "character_knuckles_t.bmp", "Rect": "464,464,48,48", "Center": "24,28" },
	"character_knuckles_0x72": { "File": "character_knuckles_t.bmp", "Rect": "520,464,48,48", "Center": "24,28" },
	"character_knuckles_0x73": { "File": "character_knuckles_t.bmp", "Rect": "576,464,48,48", "Center": "24,28" },
	"character_knuckles_0x74": { "File": "character_knuckles_t.bmp", "Rect": "632,464,48,48", "Center": "24,28" },
	"character_knuckles_0x75": { "File": "character_knuckles_t.bmp", "Rect": "688,464,48,48", "Center": "24,28" },
	"character_knuckles_0x76": { "File": "character_knuckles_t.bmp", "Rect": "744,464,48,48", "Center": "24,28" },
	"character_knuckles_0x77": { "File": "character_knuckles_t.bmp", "Rect": "800,464,48,48", "Center": "24,28" },
	"character_knuckles_0x78": { "File": "character_knuckles_t.bmp", "Rect": "808,176,48,48", "Center": "24,24" },
	"character_knuckles_0x79": { "File": "character_knuckles_t.bmp", "Rect": "8,404,48,48", "Center": "24,24" },
	"character_knuckles_0x7a": { "File": "character_knuckles_t.bmp", "Rect": "64,400,48,48", "Center": "24,24" },
	"character_knuckles_0x7b": { "File": "character_knuckles_t.bmp", "Rect": "120,396,48,48", "Center": "24,24" },
	"character_knuckles_0x7c": { "File": "character_knuckles_t.bmp", "Rect": "176,396,48,48", "Center": "24,24" },
	"character_knuckles_0x7d": { "File": "character_knuckles_t.bmp", "Rect": "232,404,48,48", "Center": "24,24" },
	"character_knuckles_0x7e": { "File": "character_knuckles_t.bmp", "Rect": "732,400,48,48", "Center": "24,24" },
	"character_knuckles_0x7f": { "File": "character_knuckles_t.bmp", "Rect": "796,396,48,48", "Center": "24,24" },
	"character_knuckles_0x80": { "File": "character_knuckles_t.bmp", "Rect": "8,520,48,56", "Center": "24,24" },
	"character_knuckles_0x81": { "File": "character_knuckles_t.bmp", "Rect": "64,520,48,56", "Center": "24,28" },
	"character_knuckles_0x82": { "File": "character_knuckles_t.bmp", "Rect": "120,520,48,56", "Center": "24,28" },
	"character_knuckles_0x83": { "File": "character_knuckles_t.bmp", "Rect": "176,520,48,56", "Center": "24,24" },
	"character_knuckles_0x84": { "File": "character_knuckles_t.bmp", "Rect": "232,520,48,56", "Center": "24,28" },
	"character_knuckles_0x85": { "File": "character_knuckles_t.bmp", "Rect": "288,520,48,56", "Center": "24,28" },
	"character_knuckles_0x86": { "File": "character_knuckles_t.bmp", "Rect": "296,120,48,48", "Center": "24,28" },
	"character_knuckles_0x87": { "File": "character_knuckles_t.bmp", "Rect": "352,120,48,48", "Center": "24,28" },
	"character_knuckles_0x88": { "File": "character_knuckles_t.bmp", "Rect": "408,120,48,48", "Center": "24,28" },
	"character_knuckles_0x89": { "File": "character_knuckles_t.bmp", "Rect": "464,120,48,48", "Center": "24,28" },
	"character_knuckles_0x8a": { "File": "character_knuckles_t.bmp", "Rect": "520,120,48,48", "Center": "24,28" },
	"character_knuckles_0x8b": { "File": "character_knuckles_t.bmp", "Rect": "576,120,48,48", "Center": "24,28" },
	"character_knuckles_0x8c": { "File": "character_knuckles_t.bmp", "Rect": "640,120,48,48", "Center": "24,28" },
	"character_knuckles_0x8d": { "File": "character_knuckles_t.bmp", "Rect": "696,120,48,48", "Center": "24,28" },
	"character_knuckles_0x8e": { "File": "character_knuckles_t.bmp", "Rect": "824,64,48,48", "Center": "24,28" },
	"character_knuckles_0x8f": { "File": "character_knuckles_t.bmp", "Rect": "880,64,48,56", "Center": "24,24" },
	"character_knuckles_0x90": { "File": "character_knuckles_t.bmp", "Rect": "352,520,48,56", "Center": "24,24" },
	"character_knuckles_0x91": { "File": "character_knuckles_t.bmp", "Rect": "408,520,48,56", "Center": "24,24" },
	"character_knuckles_0x92": { "File": "character_knuckles_t.bmp", "Rect": "464,520,48,56", "Center": "24,24" },
	"character_knuckles_0x93": { "File": "character_knuckles_t.bmp", "Rect": "520,520,48,56", "Center": "24,24" },
	"character_knuckles_0x94": { "File": "character_knuckles_t.bmp", "Rect": "584,520,48,56", "Center": "24,24" },
	"character_knuckles_0x95": { "File": "character_knuckles_t.bmp", "Rect": "640,520,48,56", "Center": "24,24" },
	"character_knuckles_0x96": { "File": "character_knuckles_t.bmp", "Rect": "64,120,48,48", "Center": "24,32" },
	"character_knuckles_0x97": { "File": "character_knuckles_t.bmp", "Rect": "120,120,48,48", "Center": "24,32" },
	"character_knuckles_0x98": { "File": "character_knuckles_t.bmp", "Rect": "176,120,48,48", "Center": "24,32" },
	"character_knuckles_0x99": { "File": "character_knuckles_t.bmp", "Rect": "232,120,48,48", "Center": "24,32" },
	"character_knuckles_0x9a": { "File": "character_knuckles_t.bmp", "Rect": "8,120,48,48", "Center": "24,32" },
	"character_knuckles_0x9b": { "File": "character_knuckles_t.bmp", "Rect": "816,8,48,48", "Center": "24,28" },
	"character_knuckles_0x9c": { "File": "character_knuckles_t.bmp", "Rect": "872,8,48,48", "Center": "24,28" },
	"character_knuckles_0x9d": { "File": "character_knuckles_t.bmp", "Rect": "240,584,48,48", "Center": "24,28" },
	"character_knuckles_0x9e": { "File": "character_knuckles_t.bmp", "Rect": "296,584,48,48", "Center": "24,28" },
	"character_knuckles_0x9f": { "File": "character_knuckles_t.bmp", "Rect": "352,584,48,48", "Center": "24,28" },
	"character_knuckles_0xa0": { "File": "character_knuckles_t.bmp", "Rect": "408,584,48,48", "Center": "24,28" },
	"character_knuckles_0xa1": { "File": "character_knuckles_t.bmp", "Rect": "464,584,48,48", "Center": "24,28" },
	"character_knuckles_0xa2": { "File": "character_knuckles_t.bmp", "Rect": "520,584,48,48", "Center": "24,28" },
	"character_knuckles_0xa3": { "File": "character_knuckles_t.bmp", "Rect": "576,584,48,48", "Center": "24,28" },
	"character_knuckles_0xa4": { "File": "character_knuckles_t.bmp", "Rect": "632,584,48,48", "Center": "24,28" },
	"character_knuckles_0xa5": { "File": "character_knuckles_t.bmp", "Rect": "688,584,48,48", "Center": "28,28" },
	"character_knuckles_0xa6": { "File": "character_knuckles_t.bmp", "Rect": "744,584,48,48", "Center": "24,28" },
	"character_knuckles_0xa7": { "File": "character_knuckles_t.bmp", "Rect": "800,584,48,48", "Center": "27,28" },
	"character_knuckles_0xa8": { "File": "character_knuckles_t.bmp", "Rect": "856,584,48,48", "Center": "28,28" },
	"character_knuckles_0xa9": { "File": "character_knuckles_t.bmp", "Rect": "912,584,56,48", "Center": "32,28" },
	"character_knuckles_0xaa": { "File": "character_knuckles_t.bmp", "Rect": "976,584,48,48", "Center": "30,28" },
	"character_knuckles_0xab": { "File": "character_knuckles_t.bmp", "Rect": "696,64,48,48", "Center": "24,28" },
	"character_knuckles_0xac": { "File": "character_knuckles_t.bmp", "Rect": "760,64,48,48", "Center": "24,28" },
	"character_knuckles_0xad": { "File": "character_knuckles_t.bmp", "Rect": "760,64,48,48", "Center": "24,28" },
	"character_knuckles_0xae": { "File": "character_knuckles_t.bmp", "Rect": "744,296,56,48", "Center": "24,28" },
	"character_knuckles_0xaf": { "File": "character_knuckles_t.bmp", "Rect": "808,296,56,48", "Center": "24,28" },
	"character_knuckles_0xb0": { "File": "character_knuckles_t.bmp", "Rect": "760,120,48,48", "Center": "24,28" },
	"character_knuckles_0xb1": { "File": "character_knuckles_t.bmp", "Rect": "752,696,48,48", "Center": "24,28" },
	"character_knuckles_0xb2": { "File": "character_knuckles_t.bmp", "Rect": "808,696,48,48", "Center": "24,28" },
	"character_knuckles_0xb3": { "File": "character_knuckles_t.bmp", "Rect": "864,696,48,48", "Center": "24,28" },
	"character_knuckles_0xb4": { "File": "character_knuckles_t.bmp", "Rect": "920,696,48,48", "Center": "24,28" },
	"character_knuckles_0xb5": { "File": "character_knuckles_t.bmp", "Rect": "744,232,48,48", "Center": "24,24" },
	"character_knuckles_0xb6": { "File": "character_knuckles_t.bmp", "Rect": "800,232,48,48", "Center": "24,24" },
	"character_knuckles_0xb7": { "File": "character_knuckles_t.bmp", "Rect": "8,752,48,48", "Center": "28,28" },
	"character_knuckles_0xb8": { "File": "character_knuckles_t.bmp", "Rect": "64,752,48,48", "Center": "28,28" },
	"character_knuckles_0xb9": { "File": "character_knuckles_t.bmp", "Rect": "120,752,48,48", "Center": "28,28" },
	"character_knuckles_0xba": { "File": "character_knuckles_t.bmp", "Rect": "176,752,48,48", "Center": "28,28" },
	"character_knuckles_0xbb": { "File": "character_knuckles_t.bmp", "Rect": "232,752,48,48", "Center": "28,28" },
	"character_knuckles_0xbc": { "File": "character_knuckles_t.bmp", "Rect": "288,752,48,48", "Center": "28,28" },
	"character_knuckles_0xbd": { "File": "character_knuckles_t.bmp", "Rect": "352,752,48,48", "Center": "24,28" },
	"character_knuckles_0xbe": { "File": "character_knuckles_t.bmp", "Rect": "408,752,48,48", "Center": "24,28" },
	"character_knuckles_0xbf": { "File": "character_knuckles_t.bmp", "Rect": "464,752,48,48", "Center": "24,28" },
	"character_knuckles_0xc0": { "File": "character_knuckles_t.bmp", "Rect": "8,696,48,48", "Center": "24,28" },
	"character_knuckles_0xc1": { "File": "character_knuckles_t.bmp", "Rect": "64,696,48,48", "Center": "24,28" },
	"character_knuckles_0xc2": { "File": "character_knuckles_t.bmp", "Rect": "120,696,48,48", "Center": "24,28" },
	"character_knuckles_0xc3": { "File": "character_knuckles_t.bmp", "Rect": "176,696,48,48", "Center": "24,28" },
	"character_knuckles_0xc4": { "File": "character_knuckles_t.bmp", "Rect": "232,696,48,48", "Center": "24,28" },
	"character_knuckles_0xc5": { "File": "character_knuckles_t.bmp", "Rect": "288,696,48,48", "Center": "24,28" },
	"character_knuckles_0xc6": { "File": "character_knuckles_t.bmp", "Rect": "344,696,48,48", "Center": "24,28" },
	"character_knuckles_0xc7": { "File": "character_knuckles_t.bmp", "Rect": "400,696,48,48", "Center": "24,28" },
	"character_knuckles_0xc8": { "File": "character_knuckles_t.bmp", "Rect": "456,696,48,48", "Center": "24,28" },
	"character_knuckles_0xc9": { "File": "character_knuckles_t.bmp", "Rect": "512,696,48,48", "Center": "24,28" },
	"character_knuckles_0xca": { "File": "character_knuckles_t.bmp", "Rect": "528,752,48,48", "Center": "24,28" },
	"character_knuckles_0xcb": { "File": "character_knuckles_t.bmp", "Rect": "584,752,48,48", "Center": "24,28" },
	"character_knuckles_0xcc": { "File": "character_knuckles_t.bmp", "Rect": "648,752,56,48", "Center": "24,37" },
	"character_knuckles_0xcd": { "File": "character_knuckles_t.bmp", "Rect": "712,752,48,48", "Center": "24,28" },
	"character_knuckles_0xce": { "File": "character_knuckles_t.bmp", "Rect": "8,584,48,48", "Center": "24,28" },
	"character_knuckles_0xcf": { "File": "character_knuckles_t.bmp", "Rect": "64,584,48,48", "Center": "24,28" },
	"character_knuckles_0xd0": { "File": "character_knuckles_t.bmp", "Rect": "120,584,48,48", "Center": "24,28" },
	"character_knuckles_0xd1": { "File": "character_knuckles_t.bmp", "Rect": "176,584,48,48", "Center": "24,28" },
	"character_knuckles_0xd2": { "File": "character_knuckles_t.bmp", "Rect": "72,8,48,48", "Center": "24,28" },
	"character_knuckles_0xd3": { "File": "character_knuckles_t.bmp", "Rect": "128,8,48,48", "Center": "24,28" },
	"character_knuckles_0xd4": { "File": "character_knuckles_t.bmp", "Rect": "192,8,48,48", "Center": "24,28" },
	"character_knuckles_0xd5": { "File": "character_knuckles_t.bmp", "Rect": "704,8,48,48", "Center": "24,28" },
	"character_knuckles_0xd6": { "File": "character_knuckles_t.bmp", "Rect": "760,8,48,48", "Center": "24,28" },
	"character_knuckles_0xd7": { "File": "character_knuckles_t.bmp", "Rect": "248,8,48,48", "Center": "24,28" },
	"character_knuckles_0xd8": { "File": "character_knuckles_t.bmp", "Rect": "304,8,48,48", "Center": "24,28" },
	"character_knuckles_0xd9": { "File": "character_knuckles_t.bmp", "Rect": "360,8,48,48", "Center": "24,28" },
	"character_knuckles_0xda": { "File": "character_knuckles_t.bmp", "Rect": "416,8,48,48", "Center": "24,28" },
	"character_knuckles_0xdb": { "File": "character_knuckles_t.bmp", "Rect": "472,8,48,48", "Center": "24,28" },
	"character_knuckles_0xdc": { "File": "character_knuckles_t.bmp", "Rect": "528,8,48,48", "Center": "24,28" },
	"character_knuckles_0xdd": { "File": "character_knuckles_t.bmp", "Rect": "584,8,48,48", "Center": "24,28" },
	"character_knuckles_0xde": { "File": "character_knuckles_t.bmp", "Rect": "640,8,48,48", "Center": "24,28" },
	"character_knuckles_0xdf": { "File": "character_knuckles_t.bmp", "Rect": "8,640,48,48", "Center": "24,28" },
	"character_knuckles_0xe0": { "File": "character_knuckles_t.bmp", "Rect": "64,640,48,48", "Center": "24,28" },
	"character_knuckles_0xe1": { "File": "character_knuckles_t.bmp", "Rect": "120,640,48,48", "Center": "24,28" },
	"character_knuckles_0xe2": { "File": "character_knuckles_t.bmp", "Rect": "176,640,48,48", "Center": "24,28" },
	"character_knuckles_0xe3": { "File": "character_knuckles_t.bmp", "Rect": "232,640,48,48", "Center": "24,28" },
	"character_knuckles_0xe4": { "File": "character_knuckles_t.bmp", "Rect": "408,176,48,48", "Center": "24,24" },
	"character_knuckles_0xe5": { "File": "character_knuckles_t.bmp", "Rect": "464,176,48,48", "Center": "24,24" },
	"character_knuckles_0xe6": { "File": "character_knuckles_t.bmp", "Rect": "520,176,48,48", "Center": "24,24" },
	"character_knuckles_0xe7": { "File": "character_knuckles_t.bmp", "Rect": "576,176,48,48", "Center": "24,24" },
	"character_knuckles_0xe8": { "File": "character_knuckles_t.bmp", "Rect": "632,176,48,48", "Center": "24,24" },
	"character_knuckles_0xe9": { "File": "character_knuckles_t.bmp", "Rect": "688,176,48,48", "Center": "24,24" },
	"character_knuckles_0xea": { "File": "character_knuckles_t.bmp", "Rect": "744,176,48,48", "Center": "24,24" },
	"character_knuckles_0xeb": { "File": "character_knuckles_t.bmp", "Rect": "576,696,48,48", "Center": "24,28" },
	"character_knuckles_0xec": { "File": "character_knuckles_t.bmp", "Rect": "632,696,48,48", "Center": "24,28" },
	"character_knuckles_0xed": { "File": "character_knuckles_t.bmp", "Rect": "688,696,48,48", "Center": "24,28" },
	"character_knuckles_0xee": { "File": "character_knuckles_t.bmp", "Rect": "688,696,48,48", "Center": "24,28" },
	"character_knuckles_0xef": { "File": "character_knuckles_t.bmp", "Rect": "296,792,48,48", "Center": "24,28" },
	"character_knuckles_0xf0": { "File": "character_knuckles_t.bmp", "Rect": "352,792,48,48", "Center": "24,28" },
	"character_knuckles_0xf1": { "File": "character_knuckles_t.bmp", "Rect": "408,640,48,48", "Center": "24,28" },
	"character_knuckles_0xf2": { "File": "character_knuckles_t.bmp", "Rect": "464,640,48,48", "Center": "24,28" },
	"character_knuckles_0xf3": { "File": "character_knuckles_t.bmp", "Rect": "520,640,48,48", "Center": "24,28" },
	"character_knuckles_0xf4": { "File": "character_knuckles_t.bmp", "Rect": "576,640,48,48", "Center": "24,28" },
	"character_knuckles_0xf5": { "File": "character_knuckles_t.bmp", "Rect": "632,640,48,48", "Center": "24,28" },
	"character_knuckles_0xf6": { "File": "character_knuckles_t.bmp", "Rect": "688,640,48,48", "Center": "24,28" },
	"character_knuckles_0xf7": { "File": "character_knuckles_t.bmp", "Rect": "744,640,48,48", "Center": "24,28" },
	"character_knuckles_0xf8": { "File": "character_knuckles_t.bmp", "Rect": "800,640,48,48", "Center": "24,28" },
	"character_knuckles_0xf9": { "File": "character_knuckles_t.bmp", "Rect": "856,640,48,48", "Center": "24,28" },
	"character_knuckles_0xfa": { "File": "character_knuckles_t.bmp", "Rect": "912,640,48,48", "Center": "24,28" }
}
