{
	"signpost_knuckles": { "File": "knuckles_misc_t.bmp", "Rect": "200,8,48,48", "Center": "24,24" },

	"character_knuckles_continue_0x00": { "File": "knuckles_misc_t.bmp", "Rect": "8,8,48,48", "Center": "24,28" },
	"character_knuckles_continue_0x01": { "File": "knuckles_misc_t.bmp", "Rect": "64,8,48,48", "Center": "24,28" },
	"character_knuckles_continue_0x02": { "File": "knuckles_misc_t.bmp", "Rect": "120,8,48,48", "Center": "24,28" },

	"continue_icon_knuckles_wait_0x00": { "File": "knuckles_misc_t.bmp", "Rect": "160,64,40,40", "Center": "20,20" },
	"continue_icon_knuckles_wait_0x01": { "File": "knuckles_misc_t.bmp", "Rect": "208,64,40,40", "Center": "20,20" },

	"tornado_knuckles_small": { "File": "knuckles_misc_t.bmp", "Rect": "88,72,32,32", "Center": "16,20" },
	"tornado_knuckles_small_standing": { "File": "knuckles_misc_t.bmp", "Rect": "48,72,32,32", "Center": "16,20" },
	"tornado_knuckles_small_exhausted": { "File": "knuckles_misc_t.bmp", "Rect": "8,72,32,32", "Center": "16,20" }
}
