{
	"Metadata":
	{
		"Name": "Separate Super and Hyper Sprites",
		"Author": "DaKingofCheckerz",
		"Description": "Separates the Super and Hyper sprites, allowing each character's super/hyper forms to have separate sprites. Make sure this mod has a lower priority than mods that add their own super/hyper sprites.",
		"ModVersion": "2.0.0",
		"GameVersion": "22.09.10.0"
	},

	"Settings":
	{
		"List":
		[

			{
				"InternalName": "SeparateSpritesEnableDebugOutput",
				"DisplayName": "Debug Output",
				"Category": "Debug",
				"Variable": "SeparateSprites.Setting.debugOutput",
				"DefaultValue": "0x00",
				"Options":
				{
					"0x00": "Disabled",
					"0x01": "debugLog()",
					"0x02": "System.writeDisplayLine()"

				}
			},
			{
				"InternalName": "SeparateSpritesTailsTailsDebugOutput",
				"DisplayName": "Tails' Tails in Debug Output",
				"Variable": "SeparateSprites.Setting.debugOutputTailsTails",
				"Category": "Debug",
				"DefaultValue": "0x00",
				"Options":
				{
					"0x00": "Disabled",
					"0x01": "debugLog()",
					"0x02": "System.writeDisplayLine()"
				}
			},

			{
				"InternalName": "SeparateSpritesDebugLevel",
				"DisplayName": "Debug Level",
				"Variable": "SeparateSprites.Setting.debugLevel",
				"Category": "Debug",
				"DefaultValue": "0x00",
				"Options":
				{
					"0x00": "Sprite key",
					"0x01": "Key & State",
					"0x02": "Key, State, & Errors",
					"0x03": "Verbose"
				}
			},

			// Sonic
			{
				"InternalName": "SeparateSpritesEnableHyperSonicSprites",
				"DisplayName": "Hyper Sonic Sprites",
				"Category" : "Sonic",
				"Variable": "SeparateSprites.Setting.enableHyperSonicSprites",
				"DefaultValue": "0x02",
				"Options":
				{
					"0x00": "Disabled",
					"0x02": "Enabled"

				}
			},
			{
				"InternalName": "SeparateSpritesSuperSonicPeelout",
				"DisplayName": "Super Sonic Peelout",
				"Category" : "Sonic",
				"Variable": "SeparateSprites.Setting.superSonicPeelout",
				"DefaultValue": "0x01",
				"Options":
				{
					"0x00": "Disabled",
					"0x01": "Only if sprites found",
					"0x02": "Enabled"

				}
			},
			{
				"InternalName": "SeparateSpritesHyperSonicPeelout",
				"DisplayName": "Hyper Sonic Peelout",
				"Category" : "Sonic",
				"Variable": "SeparateSprites.Setting.hyperSonicPeelout",
				"DefaultValue": "0x02",
				"Options":
				{
					"0x00": "Disabled",
					"0x01": "Only if sprites found",
					"0x02": "Enabled"

				}
			},
			{
				"InternalName": "SeparateSpritesSuperSonicDropdash",
				"DisplayName": "Super Sonic Dropdash",
				"Category" : "Sonic",
				"Variable": "SeparateSprites.Setting.superSonicDropdash",
				"DefaultValue": "0x02",
				"Options":
				{
					"0x00": "Disabled",
					"0x02": "Enabled"

				}
			},
			{
				"InternalName": "SeparateSpritesHyperSonicDropdash",
				"DisplayName": "Hyper Sonic Dropdash",
				"Category" : "Sonic",
				"Variable": "SeparateSprites.Setting.hyperSonicDropdash",
				"DefaultValue": "0x02",
				"Options":
				{
					"0x00": "Disabled",
					"0x01": "Only if sprites found",
					"0x02": "Enabled"

				}
			},
			{
				"InternalName": "SeparateSpritesSuperSonicStandingSprites",
				"DisplayName": "Super Standing Animation",
				"Category" : "Sonic",
				"Variable": "SeparateSprites.Setting.superSonicStandingSprites",
				"DefaultValue": "0x02",
				"Options":
				{
					"0x00": "Disabled",
					"0x02": "Enabled"

				}
			},
			{
				"InternalName": "SeparateSpritesHyperSonicStandingSprites",
				"DisplayName": "Hyper Standing Animation",
				"Category" : "Sonic",
				"Variable": "SeparateSprites.Setting.hyperSonicStandingSprites",
				"DefaultValue": "0x02",
				"Options":
				{
					"0x00": "Disabled",
					"0x01": "Only if sprites found",
					"0x02": "Enabled"

				}
			},
			{
				"InternalName": "SeparateSpritesSuperSonicStandingAnimSpeed",
				"DisplayName": "Super Standing Anim Speed",
				"Category" : "Sonic",
				"Variable": "SeparateSprites.Setting.superSonicStandingAnimSpeed",
				"DefaultValue": "0x08",
				"Options":
				{
					"0x0e": "Slowest",
					"0x0c": "Slower",
					"0x0a": "Slow",
					"0x08": "Normal/Vanilla",
					"0x06": "Fast",
					"0x04": "Faster",
					"0x02": "Fastest"

				}
			},
			{
				"InternalName": "SeparateSpritesHyperSonicStandingAnimSpeed",
				"DisplayName": "Hyper Standing Anim Speed",
				"Category" : "Sonic",
				"Variable": "SeparateSprites.Setting.hyperSonicStandingAnimSpeed",
				"DefaultValue": "0x08",
				"Options":
				{
					"0x0e": "Slowest",
					"0x0c": "Slower",
					"0x0a": "Slow",
					"0x08": "Normal/Vanilla",
					"0x06": "Fast",
					"0x04": "Faster",
					"0x02": "Fastest"

				}
			},

			// Tails
			{
				"InternalName": "SeparateSpritesEnableSuperTailsSprites",
				"DisplayName": "Super Tails Sprites",
				"Category" : "Tails",
				"Variable": "SeparateSprites.Setting.enableSuperTailsSprites",
				"DefaultValue": "0x02",
				"Options":
				{
					"0x00": "Disabled",
					"0x02": "Enabled"

				}
			},
			{
				"InternalName": "SeparateSpritesEnableHyperTailsSprites",
				"DisplayName": "Hyper Tails Sprites",
				"Category" : "Tails",
				"Variable": "SeparateSprites.Setting.enableHyperTailsSprites",
				"DefaultValue": "0x02",
				"Options":
				{
					"0x00": "Disabled",
					"0x02": "Enabled"

				}
			},
			{
				"InternalName": "SeparateSpritesSuperTailsStandingSprites",
				"DisplayName": "Super Standing Animation",
				"Category" : "Tails",
				"Variable": "SeparateSprites.Setting.superTailsStandingSprites",
				"DefaultValue": "0x02",
				"Options":
				{
					"0x00": "Disabled",
					"0x02": "Enabled"

				}
			},
			{
				"InternalName": "SeparateSpritesHyperTailsStandingSprites",
				"DisplayName": "Hyper Standing Animation",
				"Category" : "Tails",
				"Variable": "SeparateSprites.Setting.hyperTailsStandingSprites",
				"DefaultValue": "0x02",
				"Options":
				{
					"0x00": "Disabled",
					"0x01": "Only if sprites found",
					"0x02": "Enabled"

				}
			},
			{
				"InternalName": "SeparateSpritesSuperTailsStandingAnimSpeed",
				"DisplayName": "Super Standing Anim Speed",
				"Category" : "Tails",
				"Variable": "SeparateSprites.Setting.superTailsStandingAnimSpeed",
				"DefaultValue": "0x08",
				"Options":
				{
					"0x0e": "Slowest",
					"0x0c": "Slower",
					"0x0a": "Slow",
					"0x08": "Normal/Vanilla",
					"0x06": "Fast",
					"0x04": "Faster",
					"0x02": "Fastest"

				}
			},
			{
				"InternalName": "SeparateSpritesHyperTailsStandingAnimSpeed",
				"DisplayName": "Hyper Standing Anim Speed",
				"Category" : "Tails",
				"Variable": "SeparateSprites.Setting.hyperTailsStandingAnimSpeed",
				"DefaultValue": "0x08",
				"Options":
				{
					"0x0e": "Slowest",
					"0x0c": "Slower",
					"0x0a": "Slow",
					"0x08": "Normal/Vanilla",
					"0x06": "Fast",
					"0x04": "Faster",
					"0x02": "Fastest"

				}
			},

			// Knuckles
			{
				"InternalName": "SeparateSpritesEnableSuperKnucklesSprites",
				"DisplayName": "Super Knuckles Sprites",
				"Category" : "Knuckles",
				"Variable": "SeparateSprites.Setting.enableSuperKnucklesSprites",
				"DefaultValue": "0x02",
				"Options":
				{
					"0x00": "Disabled",
					"0x02": "Enabled"

				}
			},
			{
				"InternalName": "SeparateSpritesEnableHyperKnucklesSprites",
				"DisplayName": "Hyper Knuckles Sprites",
				"Category" : "Knuckles",
				"Variable": "SeparateSprites.Setting.enableHyperKnucklesSprites",
				"DefaultValue": "0x02",
				"Options":
				{
					"0x00": "Disabled",
					"0x02": "Enabled"

				}
			},
			{
				"InternalName": "SeparateSpritesSuperKnucklesStandingSprites",
				"DisplayName": "Super Standing Animation",
				"Category" : "Knuckles",
				"Variable": "SeparateSprites.Setting.superKnucklesStandingSprites",
				"DefaultValue": "0x02",
				"Options":
				{
					"0x00": "Disabled",
					"0x02": "Enabled"

				}
			},
			{
				"InternalName": "SeparateSpritesHyperKnucklesStandingSprites",
				"DisplayName": "Hyper Standing Animation",
				"Category" : "Knuckles",
				"Variable": "SeparateSprites.Setting.hyperKnucklesStandingSprites",
				"DefaultValue": "0x02",
				"Options":
				{
					"0x00": "Disabled",
					"0x01": "Only if sprites found",
					"0x02": "Enabled"

				}
			},
			{
				"InternalName": "SeparateSpritesSuperKnucklesStandingAnimSpeed",
				"DisplayName": "Super Standing Anim Speed",
				"Category" : "Knuckles",
				"Variable": "SeparateSprites.Setting.superKnucklesStandingAnimSpeed",
				"DefaultValue": "0x08",
				"Options":
				{
					"0x0e": "Slowest",
					"0x0c": "Slower",
					"0x0a": "Slow",
					"0x08": "Normal/Vanilla",
					"0x06": "Fast",
					"0x04": "Faster",
					"0x02": "Fastest"

				}
			},
			{
				"InternalName": "SeparateSpritesHyperKnucklesStandingAnimSpeed",
				"DisplayName": "Hyper Standing Anim Speed",
				"Category" : "Knuckles",
				"Variable": "SeparateSprites.Setting.hyperKnucklesStandingAnimSpeed",
				"DefaultValue": "0x08",
				"Options":
				{
					"0x0e": "Slowest",
					"0x0c": "Slower",
					"0x0a": "Slow",
					"0x08": "Normal/Vanilla",
					"0x06": "Fast",
					"0x04": "Faster",
					"0x02": "Fastest"

				}
			},
			{
				"InternalName": "SeparateSpritesKnucklesGlide",
				"DisplayName": "Glide Animation",
				"Category" : "Knuckles",
				"Variable": "SeparateSprites.Setting.knucklesGlide",
				"DefaultValue": "0x02",
				"Options":
				{
					"0x00": "Disabled",
					"0x02": "Enabled"

				}
			},
			{
				"InternalName": "SeparateSpritesSuperKnucklesGlide",
				"DisplayName": "Super Glide Animation",
				"Category" : "Knuckles",
				"Variable": "SeparateSprites.Setting.superKnucklesGlide",
				"DefaultValue": "0x02",
				"Options":
				{
					"0x00": "Disabled",
					"0x01": "Only if sprites found",
					"0x02": "Enabled"

				}
			},
			{
				"InternalName": "SeparateSpritesHyperKnucklesGlide",
				"DisplayName": "Hyper Glide Animation",
				"Category" : "Knuckles",
				"Variable": "SeparateSprites.Setting.hyperKnucklesGlide",
				"DefaultValue": "0x02",
				"Options":
				{
					"0x00": "Disabled",
					"0x01": "Only if sprites found",
					"0x02": "Enabled"

				}
			},
			{
				"InternalName": "SeparateSpritesSuperKnucklesGlideAnimSpeed",
				"DisplayName": "Glide Animation Speed",
				"Category" : "Knuckles",
				"Variable": "SeparateSprites.Setting.knucklesGlideAnimSpeed",
				"DefaultValue": "0x08",
				"Options":
				{
					"0x0e": "Slowest",
					"0x0c": "Slower",
					"0x0a": "Slow",
					"0x08": "Normal",
					"0x06": "Fast",
					"0x04": "Faster",
					"0x02": "Fastest"

				}
			},
			{
				"InternalName": "SeparateSpritesSuperKnucklesGlideAnimSpeed",
				"DisplayName": "Super Glide Animation Speed",
				"Category" : "Knuckles",
				"Variable": "SeparateSprites.Setting.superKnucklesGlideAnimSpeed",
				"DefaultValue": "0x08",
				"Options":
				{
					"0x0e": "Slowest",
					"0x0c": "Slower",
					"0x0a": "Slow",
					"0x08": "Normal",
					"0x06": "Fast",
					"0x04": "Faster",
					"0x02": "Fastest"

				}
			},
			{
				"InternalName": "SeparateSpritesHyperKnucklesGlideAnimSpeed",
				"DisplayName": "Hyper Glide Animation Speed",
				"Category" : "Knuckles",
				"Variable": "SeparateSprites.Setting.hyperKnucklesGlideAnimSpeed",
				"DefaultValue": "0x08",
				"Options":
				{
					"0x0e": "Slowest",
					"0x0c": "Slower",
					"0x0a": "Slow",
					"0x08": "Normal",
					"0x06": "Fast",
					"0x04": "Faster",
					"0x02": "Fastest"

				}
			},
			{
				"InternalName": "SeparateSpritesKnucklesGlideTurn",
				"DisplayName": "Glide Turn Animation",
				"Category" : "Knuckles",
				"Variable": "SeparateSprites.Setting.knucklesGlideTurn",
				"DefaultValue": "0x02",
				"Options":
				{
					"0x00": "Disabled",
					"0x02": "Enabled"

				}
			},
			{
				"InternalName": "SeparateSpritesSuperKnucklesGlideTurn",
				"DisplayName": "Super Glide Turn Animation",
				"Category" : "Knuckles",
				"Variable": "SeparateSprites.Setting.superKnucklesGlideTurn",
				"DefaultValue": "0x02",
				"Options":
				{
					"0x00": "Disabled",
					"0x01": "Only if sprites found",
					"0x02": "Enabled"

				}
			},
			{
				"InternalName": "SeparateSpritesHyperKnucklesGlideTurn",
				"DisplayName": "Hyper Glide Turn Animation",
				"Category" : "Knuckles",
				"Variable": "SeparateSprites.Setting.hyperKnucklesGlideTurn",
				"DefaultValue": "0x02",
				"Options":
				{
					"0x00": "Disabled",
					"0x01": "Only if sprites found",
					"0x02": "Enabled"

				}
			}
		]
	}
}
