{
	
	"punch_0": { "File": "Titled.bmp", "Rect":  "8,8,40,40", "Center": "20,20" },
	"punch_1": { "File": "Titled.bmp", "Rect": "48,8,40,40", "Center": "20,20" },
	"punch_2": { "File": "Titled.bmp", "Rect": "88,8,40,40", "Center": "20,20" },
	"punch_3": { "File": "Titled.bmp", "Rect":"136,8,40,40", "Center": "20,20" },
	
	"character_sonic_0xc5": { "File": "Titled.bmp", "Rect":  "8,8,40,40", "Center": "20,20" },
	"character_sonic_0xc6": { "File": "Titled.bmp", "Rect": "48,8,40,40", "Center": "20,20" },
	"character_sonic_0xc7": { "File": "Titled.bmp", "Rect": "88,8,40,40", "Center": "20,20" },
	"character_sonic_0xa8": { "File": "Titled.bmp", "Rect":"136,8,40,40", "Center": "20,20" } // The whistle frames weren't enough so i had to use the "Died Grey" sprite
	
}
