{
	//Six flickie sprites
	"02flicky00":            { "File": "02flickies.png", "Rect":"1,1,16,16",  "Center": "8,8" },
	"02flicky01":            { "File": "02flickies.png", "Rect":"19,1,16,16",  "Center": "8,8" },
	"02flicky10":            { "File": "02flickies.png", "Rect":"1,19,16,16",  "Center": "8,8" },
	"02flicky11":            { "File": "02flickies.png", "Rect":"19,19,16,16",  "Center": "8,8" },
	"02flicky20":            { "File": "02flickies.png", "Rect":"1,37,16,16",  "Center": "8,8" },
	"02flicky21":            { "File": "02flickies.png", "Rect":"19,37,16,16",  "Center": "8,8" },
}

