{
	//Six flickie sprites
	"hflicky00":            { "File": "hyperflickies.png", "Rect":"1,1,16,16",  "Center": "8,8" },
	"hflicky01":            { "File": "hyperflickies.png", "Rect":"19,1,16,16",  "Center": "8,8" },
	"hflicky10":            { "File": "hyperflickies.png", "Rect":"1,19,16,16",  "Center": "8,8" },
	"hflicky11":            { "File": "hyperflickies.png", "Rect":"19,19,16,16",  "Center": "8,8" },
	"hflicky20":            { "File": "hyperflickies.png", "Rect":"1,37,16,16",  "Center": "8,8" },
	"hflicky21":            { "File": "hyperflickies.png", "Rect":"19,37,16,16",  "Center": "8,8" },
}

