{
	"bluesphere_sonic_0x01":  { "File": "bluesphere_sonic.bmp", "Rect": "33,4,32,48", "Center": "15,43" },
	"bluesphere_sonic_0x02":  { "File": "bluesphere_sonic.bmp", "Rect": "33,4,32,48", "Center": "15,43" },
	"bluesphere_sonic_0x03":  { "File": "bluesphere_sonic.bmp", "Rect": "62,50,38,50", "Center": "16,43" },
	"bluesphere_sonic_0x04":  { "File": "bluesphere_sonic.bmp", "Rect": "94,0,35,56", "Center": "16,45" },
	"bluesphere_sonic_0x05":  { "File": "bluesphere_sonic.bmp", "Rect": "125,49,37,51", "Center": "17,45" },
	"bluesphere_sonic_0x06":  { "File": "bluesphere_sonic.bmp", "Rect": "162,47,36,53", "Center": "16,46" },
	"bluesphere_sonic_0x07":  { "File": "bluesphere_sonic.bmp", "Rect": "192,0,34,52", "Center": "16,45" },
	"bluesphere_sonic_0x08":  { "File": "bluesphere_sonic.bmp", "Rect": "220,47,36,50", "Center": "17,46" },
	"bluesphere_sonic_0x09":  { "File": "bluesphere_sonic.bmp", "Rect": "256,12,32,32", "Center": "16,38" },
	"bluesphere_sonic_0x0a":  { "File": "bluesphere_sonic.bmp", "Rect": "288,12,32,32", "Center": "16,38" },
	"bluesphere_sonic_0x0b":  { "File": "bluesphere_sonic.bmp", "Rect": "320,12,32,32", "Center": "16,38" }
}