{
	"character_sonic_0x01":  { "File": "character_sonic.bmp", "Rect": "0,6,54,43", "Center": "30,29" },
	"character_sonic_0x02":  { "File": "character_sonic.bmp", "Rect": "57,8,54,41", "Center": "31,28" },
	"character_sonic_0x03":  { "File": "character_sonic.bmp", "Rect": "117,8,54,40", "Center": "30,28" },
	"character_sonic_0x04":  { "File": "character_sonic.bmp", "Rect": "175,7,54,40", "Center": "30,28" },
	"character_sonic_0x05":  { "File": "character_sonic.bmp", "Rect": "0,6,54,43", "Center": "30,29" },
	"character_sonic_0x06":  { "File": "character_sonic.bmp", "Rect": "57,8,54,41", "Center": "31,28" },
	"character_sonic_0x07":  { "File": "character_sonic.bmp", "Rect": "117,8,54,40", "Center": "30,28" },
	"character_sonic_0x08":  { "File": "character_sonic.bmp", "Rect": "175,7,54,40", "Center": "30,28" },
	"character_sonic_0x09":  { "File": "character_sonic.bmp", "Rect": "456,4,40,48", "Center": "21,19" },
	"character_sonic_0x0a":  { "File": "character_sonic.bmp", "Rect": "508,8,48,40", "Center": "20,14" },
	"character_sonic_0x0b":  { "File": "character_sonic.bmp", "Rect": "568,8,40,40", "Center": "19,21" },
	"character_sonic_0x0c":  { "File": "character_sonic.bmp", "Rect": "620,8,48,40", "Center": "20,19" },
	"character_sonic_0x0d":  { "File": "character_sonic.bmp", "Rect": "680,4,40,48", "Center": "20,18" },
	"character_sonic_0x0e":  { "File": "character_sonic.bmp", "Rect": "732,4,48,48", "Center": "21,20" },
	"character_sonic_0x0f":  { "File": "character_sonic.bmp", "Rect": "792,8,40,40", "Center": "22,17" },
	"character_sonic_0x10":  { "File": "character_sonic.bmp", "Rect": "848,8,40,40", "Center": "20,18" },
	"character_sonic_0x11":  { "File": "character_sonic.bmp", "Rect": "8,64,40,40", "Center": "20,19" },
	"character_sonic_0x12":  { "File": "character_sonic.bmp", "Rect": "64,64,40,40", "Center": "20,19" },
	"character_sonic_0x13":  { "File": "character_sonic.bmp", "Rect": "120,68,40,32", "Center": "20,11" },
	"character_sonic_0x14":  { "File": "character_sonic.bmp", "Rect": "176,68,40,32", "Center": "20,13" },
	"character_sonic_0x15":  { "File": "character_sonic.bmp", "Rect": "232,64,40,40", "Center": "20,21" },
	"character_sonic_0x16":  { "File": "character_sonic.bmp", "Rect": "288,64,40,40", "Center": "20,20" },
	"character_sonic_0x17":  { "File": "character_sonic.bmp", "Rect": "344,68,40,32", "Center": "20,11" },
	"character_sonic_0x18":  { "File": "character_sonic.bmp", "Rect": "400,68,40,32", "Center": "20,11" },
	"character_sonic_0x19":  { "File": "character_sonic.bmp", "Rect": "452,64,48,40", "Center": "18,17" },
	"character_sonic_0x1a":  { "File": "character_sonic.bmp", "Rect": "512,60,40,48", "Center": "16,25" },
	"character_sonic_0x1b":  { "File": "character_sonic.bmp", "Rect": "568,64,40,40", "Center": "19,17" },
	"character_sonic_0x1c":  { "File": "character_sonic.bmp", "Rect": "624,60,40,48", "Center": "16,25" },
	"character_sonic_0x1d":  { "File": "character_sonic.bmp", "Rect": "676,64,48,40", "Center": "17,18" },
	"character_sonic_0x1e":  { "File": "character_sonic.bmp", "Rect": "732,60,48,48", "Center": "17,24" },
	"character_sonic_0x1f":  { "File": "character_sonic.bmp", "Rect": "792,64,40,40", "Center": "18,18" },
	"character_sonic_0x20":  { "File": "character_sonic.bmp", "Rect": "848,64,40,40", "Center": "18,18" },
	"character_sonic_0x21":  { "File": "character_sonic.bmp", "Rect": "1,121,61,39", "Center": "34,27" },
	"character_sonic_0x22":  { "File": "character_sonic.bmp", "Rect": "64,121,61,38", "Center": "33,26" },
	"character_sonic_0x23":  { "File": "character_sonic.bmp", "Rect": "1,121,61,39", "Center": "34,27" },
	"character_sonic_0x24":  { "File": "character_sonic.bmp", "Rect": "64,121,61,38", "Center": "33,26" },
	"character_sonic_0x25":  { "File": "character_sonic.bmp", "Rect": "232,120,40,40", "Center": "19,17" },
	"character_sonic_0x26":  { "File": "character_sonic.bmp", "Rect": "292,120,32,40", "Center": "16,18" },
	"character_sonic_0x27":  { "File": "character_sonic.bmp", "Rect": "344,120,40,40", "Center": "19,17" },
	"character_sonic_0x28":  { "File": "character_sonic.bmp", "Rect": "404,120,32,40", "Center": "16,18" },
	"character_sonic_0x29":  { "File": "character_sonic.bmp", "Rect": "456,124,40,32", "Center": "20,16" },
	"character_sonic_0x2a":  { "File": "character_sonic.bmp", "Rect": "512,124,40,32", "Center": "20,16" },
	"character_sonic_0x2b":  { "File": "character_sonic.bmp", "Rect": "568,124,40,32", "Center": "20,16" },
	"character_sonic_0x2c":  { "File": "character_sonic.bmp", "Rect": "624,124,40,32", "Center": "20,16" },
	"character_sonic_0x2d":  { "File": "character_sonic.bmp", "Rect": "680,120,40,40", "Center": "18,22" },
	"character_sonic_0x2e":  { "File": "character_sonic.bmp", "Rect": "736,124,40,32", "Center": "19,17" },
	"character_sonic_0x2f":  { "File": "character_sonic.bmp", "Rect": "792,120,40,40", "Center": "18,22" },
	"character_sonic_0x30":  { "File": "character_sonic.bmp", "Rect": "848,124,40,32", "Center": "19,17" },
	"character_sonic_0x31":  { "File": "character_sonic.bmp", "Rect": "11,165,39,59", "Center": "18,29" },
	"character_sonic_0x32":  { "File": "character_sonic.bmp", "Rect": "65,164,44,59", "Center": "28,27" },
	"character_sonic_0x33":  { "File": "character_sonic.bmp", "Rect": "120,161,54,68", "Center": "21,32" },
	"character_sonic_0x34":  { "File": "character_sonic.bmp", "Rect": "179,174,59,49", "Center": "27,30" },
	"character_sonic_0x35":  { "File": "character_sonic.bmp", "Rect": "239,170,44,56", "Center": "24,24" },
	"character_sonic_0x36":  { "File": "character_sonic.bmp", "Rect": "290,181,42,36", "Center": "15,10" },
	"character_sonic_0x37":  { "File": "character_sonic.bmp", "Rect": "343,166,39,59", "Center": "21,30" },
	"character_sonic_0x38":  { "File": "character_sonic.bmp", "Rect": "399,167,44,59", "Center": "15,33" },
	"character_sonic_0x39":  { "File": "character_sonic.bmp", "Rect": "451,163,53,67", "Center": "32,34" },
	"character_sonic_0x3a":  { "File": "character_sonic.bmp", "Rect": "507,171,58,48", "Center": "31,18" },
	"character_sonic_0x3b":  { "File": "character_sonic.bmp", "Rect": "568,167,44,54", "Center": "20,30" },
	"character_sonic_0x3c":  { "File": "character_sonic.bmp", "Rect": "621,178,44,35", "Center": "28,25" },
	"character_sonic_0x3d":  { "File": "character_sonic.bmp", "Rect": "11,165,39,59", "Center": "18,29" },
	"character_sonic_0x3e":  { "File": "character_sonic.bmp", "Rect": "65,164,44,59", "Center": "28,27" },
	"character_sonic_0x3f":  { "File": "character_sonic.bmp", "Rect": "120,161,54,68", "Center": "21,32" },
	"character_sonic_0x40":  { "File": "character_sonic.bmp", "Rect": "179,174,59,49", "Center": "27,30" },
	"character_sonic_0x41":  { "File": "character_sonic.bmp", "Rect": "239,170,44,56", "Center": "24,24" },
	"character_sonic_0x42":  { "File": "character_sonic.bmp", "Rect": "290,181,42,36", "Center": "15,10" },
	"character_sonic_0x43":  { "File": "character_sonic.bmp", "Rect": "343,166,39,59", "Center": "21,30" },
	"character_sonic_0x44":  { "File": "character_sonic.bmp", "Rect": "399,167,44,59", "Center": "15,33" },
	"character_sonic_0x45":  { "File": "character_sonic.bmp", "Rect": "451,163,53,67", "Center": "32,34" },
	"character_sonic_0x46":  { "File": "character_sonic.bmp", "Rect": "507,171,58,48", "Center": "31,18" },
	"character_sonic_0x47":  { "File": "character_sonic.bmp", "Rect": "568,167,44,54", "Center": "20,30" },
	"character_sonic_0x48":  { "File": "character_sonic.bmp", "Rect": "621,178,44,35", "Center": "28,25" },
	"character_sonic_0x49":  { "File": "character_sonic.bmp", "Rect": "570,715,40,64", "Center": "22,40" },
	"character_sonic_0x4a":  { "File": "character_sonic.bmp", "Rect": "739,445,40,64", "Center": "22,40" },
	"character_sonic_0x4b":  { "File": "character_sonic.bmp", "Rect": "570,715,40,64", "Center": "22,40" },
	"character_sonic_0x4c":  { "File": "character_sonic.bmp", "Rect": "739,445,40,64", "Center": "22,40" },
	"character_sonic_0x4d":  { "File": "character_sonic.bmp", "Rect": "570,715,40,64", "Center": "22,40" },
	"character_sonic_0x4e":  { "File": "character_sonic.bmp", "Rect": "739,445,40,64", "Center": "22,40" },
	"character_sonic_0x4f":  { "File": "character_sonic.bmp", "Rect": "570,715,40,64", "Center": "22,40" },
	"character_sonic_0x50":  { "File": "character_sonic.bmp", "Rect": "739,445,40,64", "Center": "22,40" },
	"character_sonic_0x51":  { "File": "character_sonic.bmp", "Rect": "570,715,40,64", "Center": "22,40" },
	"character_sonic_0x52":  { "File": "character_sonic.bmp", "Rect": "739,445,40,64", "Center": "22,40" },
	"character_sonic_0x53":  { "File": "character_sonic.bmp", "Rect": "570,715,40,64", "Center": "22,40" },
	"character_sonic_0x54":  { "File": "character_sonic.bmp", "Rect": "739,445,40,64", "Center": "22,40" },
	"character_sonic_0x55":  { "File": "character_sonic.bmp", "Rect": "348,274,34,68", "Center": "19,46" },
	"character_sonic_0x56":  { "File": "character_sonic.bmp", "Rect": "348,274,34,68", "Center": "19,46" },
	"character_sonic_0x57":  { "File": "character_sonic.bmp", "Rect": "348,274,34,68", "Center": "19,46" },
	"character_sonic_0x58":  { "File": "character_sonic.bmp", "Rect": "400,274,42,68", "Center": "20,47" },
	"character_sonic_0x59":  { "File": "character_sonic.bmp", "Rect": "460,278,32,61", "Center": "17,41" },
	"character_sonic_0x5a":  { "File": "character_sonic.bmp", "Rect": "460,278,32,61", "Center": "17,41" },
	"character_sonic_0x5b":  { "File": "character_sonic.bmp", "Rect": "460,278,32,61", "Center": "17,41" },
	"character_sonic_0x5c":  { "File": "character_sonic.bmp", "Rect": "604,288,68,41", "Center": "28,18" },
	"character_sonic_0x5d":  { "File": "character_sonic.bmp", "Rect": "680,296,40,24", "Center": "21,12" },
	"character_sonic_0x5e":  { "File": "character_sonic.bmp", "Rect": "736,296,40,24", "Center": "18,13" },
	"character_sonic_0x5f":  { "File": "character_sonic.bmp", "Rect": "781,288,68,41", "Center": "40,23" },
	"character_sonic_0x60":  { "File": "character_sonic.bmp", "Rect": "853,296,37,24", "Center": "18,12" },
	"character_sonic_0x61":  { "File": "character_sonic.bmp", "Rect": "8,352,40,24", "Center": "20,12" },
	"character_sonic_0x62":  { "File": "character_sonic.bmp", "Rect": "556,554,59,54", "Center": "31,39" },
	"character_sonic_0x63":  { "File": "character_sonic.bmp", "Rect": "118,329,41,69", "Center": "24,30" },
	"character_sonic_0x64":  { "File": "character_sonic.bmp", "Rect": "185,341,23,40", "Center": "12,21" },
	"character_sonic_0x65":  { "File": "character_sonic.bmp", "Rect": "240,344,24,40", "Center": "12,18" },
	"character_sonic_0x66":  { "File": "character_sonic.bmp", "Rect": "289,332,41,68", "Center": "16,40" },
	"character_sonic_0x67":  { "File": "character_sonic.bmp", "Rect": "353,345,23,42", "Center": "12,20" },
	"character_sonic_0x68":  { "File": "character_sonic.bmp", "Rect": "408,344,24,40", "Center": "11,19" },
	"character_sonic_0x69":  { "File": "character_sonic.bmp", "Rect": "11,165,39,59", "Center": "18,29" },
	"character_sonic_0x6a":  { "File": "character_sonic.bmp", "Rect": "65,164,44,59", "Center": "28,27" },
	"character_sonic_0x6b":  { "File": "character_sonic.bmp", "Rect": "120,161,54,68", "Center": "21,32" },
	"character_sonic_0x6c":  { "File": "character_sonic.bmp", "Rect": "179,174,59,49", "Center": "27,30" },
	"character_sonic_0x6d":  { "File": "character_sonic.bmp", "Rect": "239,170,44,56", "Center": "24,24" },
	"character_sonic_0x6e":  { "File": "character_sonic.bmp", "Rect": "290,181,42,36", "Center": "15,10" },
	"character_sonic_0x6f":  { "File": "character_sonic.bmp", "Rect": "343,166,39,59", "Center": "21,30" },
	"character_sonic_0x70":  { "File": "character_sonic.bmp", "Rect": "399,167,44,59", "Center": "15,33" },
	"character_sonic_0x71":  { "File": "character_sonic.bmp", "Rect": "451,163,53,67", "Center": "32,34" },
	"character_sonic_0x72":  { "File": "character_sonic.bmp", "Rect": "507,171,58,48", "Center": "31,18" },
	"character_sonic_0x73":  { "File": "character_sonic.bmp", "Rect": "568,167,44,54", "Center": "20,30" },
	"character_sonic_0x74":  { "File": "character_sonic.bmp", "Rect": "621,178,44,35", "Center": "28,25" },
	"character_sonic_0x75":  { "File": "character_sonic.bmp", "Rect": "11,165,39,59", "Center": "18,29" },
	"character_sonic_0x76":  { "File": "character_sonic.bmp", "Rect": "65,164,44,59", "Center": "28,27" },
	"character_sonic_0x77":  { "File": "character_sonic.bmp", "Rect": "65,164,44,59", "Center": "28,27" },
	"character_sonic_0x78":  { "File": "character_sonic.bmp", "Rect": "13,500,31,67", "Center": "26,21" },
	"character_sonic_0x79":  { "File": "character_sonic.bmp", "Rect": "452,400,48,40", "Center": "31,26" },
	"character_sonic_0x7a":  { "File": "character_sonic.bmp", "Rect": "508,400,48,40", "Center": "26,23" },
	"character_sonic_0x7b":  { "File": "character_sonic.bmp", "Rect": "568,396,40,48", "Center": "27,18" },
	"character_sonic_0x7c":  { "File": "character_sonic.bmp", "Rect": "624,396,40,48", "Center": "23,22" },
	"character_sonic_0x7d":  { "File": "character_sonic.bmp", "Rect": "676,400,48,40", "Center": "20,13" },
	"character_sonic_0x7e":  { "File": "character_sonic.bmp", "Rect": "732,400,48,40", "Center": "23,17" },
	"character_sonic_0x7f":  { "File": "character_sonic.bmp", "Rect": "792,396,40,48", "Center": "13,28" },
	"character_sonic_0x80":  { "File": "character_sonic.bmp", "Rect": "72,437,24,68", "Center": "21,23" },
	"character_sonic_0x81":  { "File": "character_sonic.bmp", "Rect": "13,437,30,62", "Center": "20,25" },
	"character_sonic_0x82":  { "File": "character_sonic.bmp", "Rect": "72,437,24,68", "Center": "21,23" },
	"character_sonic_0x83":  { "File": "character_sonic.bmp", "Rect": "13,437,30,62", "Center": "20,25" },
	"character_sonic_0x84":  { "File": "character_sonic.bmp", "Rect": "72,437,24,68", "Center": "21,23" },
	"character_sonic_0x85":  { "File": "character_sonic.bmp", "Rect": "13,437,30,62", "Center": "20,25" },
	"character_sonic_0x86":  { "File": "character_sonic.bmp", "Rect": "285,440,46,52", "Center": "25,31" },
	"character_sonic_0x87":  { "File": "character_sonic.bmp", "Rect": "341,440,46,52", "Center": "26,31" },
	"character_sonic_0x88":  { "File": "character_sonic.bmp", "Rect": "285,440,46,52", "Center": "25,31" },
	"character_sonic_0x89":  { "File": "character_sonic.bmp", "Rect": "341,440,46,52", "Center": "26,31" },
	"character_sonic_0x8a":  { "File": "character_sonic.bmp", "Rect": "285,440,46,52", "Center": "25,31" },
	"character_sonic_0x8b":  { "File": "character_sonic.bmp", "Rect": "341,440,46,52", "Center": "26,31" },
	"character_sonic_0x8c":  { "File": "character_sonic.bmp", "Rect": "605,445,70,47", "Center": "34,22" },
	"character_sonic_0x8d":  { "File": "character_sonic.bmp", "Rect": "605,445,70,47", "Center": "34,22" },
	"character_sonic_0x8e":  { "File": "character_sonic.bmp", "Rect": "739,446,40,63", "Center": "22,39" },
	"character_sonic_0x8f":  { "File": "character_sonic.bmp", "Rect": "792,446,46,64", "Center": "39,24" },
	"character_sonic_0x90":  { "File": "character_sonic.bmp", "Rect": "70,507,30,66", "Center": "26,23" },
	"character_sonic_0x91":  { "File": "character_sonic.bmp", "Rect": "13,500,31,67", "Center": "26,21" },
	"character_sonic_0x92":  { "File": "character_sonic.bmp", "Rect": "123,482,33,66", "Center": "26,21" },
	"character_sonic_0x93":  { "File": "character_sonic.bmp", "Rect": "123,482,33,66", "Center": "26,21" },
	"character_sonic_0x94":  { "File": "character_sonic.bmp", "Rect": "175,493,40,69", "Center": "23,30" },
	"character_sonic_0x95":  { "File": "character_sonic.bmp", "Rect": "236,490,37,68", "Center": "20,30" },
	"character_sonic_0x96":  { "File": "character_sonic.bmp", "Rect": "286,513,46,38", "Center": "23,22" },
	"character_sonic_0x97":  { "File": "character_sonic.bmp", "Rect": "347,509,36,45", "Center": "16,27" },
	"character_sonic_0x98":  { "File": "character_sonic.bmp", "Rect": "401,510,43,42", "Center": "17,21" },
	"character_sonic_0x99":  { "File": "character_sonic.bmp", "Rect": "458,509,38,43", "Center": "21,18" },
	"character_sonic_0x9a":  { "File": "character_sonic.bmp", "Rect": "511,509,42,45", "Center": "25,26" },
	"character_sonic_0x9b":  { "File": "character_sonic.bmp", "Rect": "570,506,44,43", "Center": "20,23" },
	"character_sonic_0x9c":  { "File": "character_sonic.bmp", "Rect": "624,506,43,43", "Center": "20,22" },
	"character_sonic_0x9d":  { "File": "character_sonic.bmp", "Rect": "624,506,43,43", "Center": "20,22" },
	"character_sonic_0x9e":  { "File": "character_sonic.bmp", "Rect": "624,506,43,43", "Center": "20,22" },
	"character_sonic_0x9f":  { "File": "character_sonic.bmp", "Rect": "624,506,43,43", "Center": "20,22" },
	"character_sonic_0xa0":  { "File": "character_sonic.bmp", "Rect": "624,506,43,43", "Center": "20,22" },
	"character_sonic_0xa1":  { "File": "character_sonic.bmp", "Rect": "287,555,46,59", "Center": "40,39" },
	"character_sonic_0xa2":  { "File": "character_sonic.bmp", "Rect": "287,555,46,59", "Center": "41,39" },
	"character_sonic_0xa3":  { "File": "character_sonic.bmp", "Rect": "287,555,46,59", "Center": "40,39" },
	"character_sonic_0xa4":  { "File": "character_sonic.bmp", "Rect": "118,550,46,59", "Center": "20,39" },
	"character_sonic_0xa5":  { "File": "character_sonic.bmp", "Rect": "118,550,46,59", "Center": "19,39" },
	"character_sonic_0xa6":  { "File": "character_sonic.bmp", "Rect": "118,550,46,59", "Center": "20,39" },
	"character_sonic_0xa7":  { "File": "character_sonic.bmp", "Rect": "342,569,48,41", "Center": "20,28" },
	"character_sonic_0xa8":  { "File": "character_sonic.bmp", "Rect": "342,569,48,41", "Center": "20,28" },
	"character_sonic_0xa9":  { "File": "character_sonic.bmp", "Rect": "342,569,48,41", "Center": "20,28" },
	"character_sonic_0xaa":  { "File": "character_sonic.bmp", "Rect": "498,554,59,55", "Center": "30,39" },
	"character_sonic_0xab":  { "File": "character_sonic.bmp", "Rect": "556,554,59,55", "Center": "31,39" },
	"character_sonic_0xac":  { "File": "character_sonic.bmp", "Rect": "621,556,52,52", "Center": "26,33" },
	"character_sonic_0xad":  { "File": "character_sonic.bmp", "Rect": "736,555,47,53", "Center": "26,31" },
	"character_sonic_0xae":  { "File": "character_sonic.bmp", "Rect": "791,554,44,49", "Center": "25,28" },
	"character_sonic_0xaf":  { "File": "character_sonic.bmp", "Rect": "454,726,53,50", "Center": "25,29" },
	"character_sonic_0xb0":  { "File": "character_sonic.bmp", "Rect": "847,554,44,54", "Center": "19,32" },
	"character_sonic_0xb1":  { "File": "character_sonic.bmp", "Rect": "8,612,38,58", "Center": "19,37" },
	"character_sonic_0xb2":  { "File": "character_sonic.bmp", "Rect": "62,613,41,57", "Center": "21,41" },
	"character_sonic_0xb3":  { "File": "character_sonic.bmp", "Rect": "8,612,38,58", "Center": "19,37" },
	"character_sonic_0xb4":  { "File": "character_sonic.bmp", "Rect": "165,611,55,61", "Center": "22,34" },
	"character_sonic_0xb5":  { "File": "character_sonic.bmp", "Rect": "220,611,55,61", "Center": "22,34" },
	"character_sonic_0xb6":  { "File": "character_sonic.bmp", "Rect": "277,624,57,53", "Center": "32,34" },
	"character_sonic_0xb7":  { "File": "character_sonic.bmp", "Rect": "277,624,57,53", "Center": "31,34" },
	"character_sonic_0xb8":  { "File": "character_sonic.bmp", "Rect": "277,624,57,53", "Center": "32,34" },
	"character_sonic_0xb9":  { "File": "character_sonic.bmp", "Rect": "277,624,57,53", "Center": "31,34" },
	"character_sonic_0xba":  { "File": "character_sonic.bmp", "Rect": "516,614,34,67", "Center": "21,45" },
	"character_sonic_0xbb":  { "File": "character_sonic.bmp", "Rect": "565,611,45,54", "Center": "25,33" },
	"character_sonic_0xbc":  { "File": "character_sonic.bmp", "Rect": "623,612,48,53", "Center": "26,32" },
	"character_sonic_0xbd":  { "File": "character_sonic.bmp", "Rect": "679,611,51,54", "Center": "27,33" },
	"character_sonic_0xbe":  { "File": "character_sonic.bmp", "Rect": "736,609,47,56", "Center": "25,35" },
	"character_sonic_0xbf":  { "File": "character_sonic.bmp", "Rect": "796,624,32,40", "Center": "18,20" },
	"character_sonic_0xc0":  { "File": "character_sonic.bmp", "Rect": "852,624,32,40", "Center": "18,20" },
	"character_sonic_0xc1":  { "File": "character_sonic.bmp", "Rect": "12,680,32,40", "Center": "13,20" },
	"character_sonic_0xc2":  { "File": "character_sonic.bmp", "Rect": "68,680,30,40", "Center": "13,20" },
	"character_sonic_0xc3":  { "File": "character_sonic.bmp", "Rect": "101,668,32,64", "Center": "22,42" },
	"character_sonic_0xc4":  { "File": "character_sonic.bmp", "Rect": "135,668,29,63", "Center": "20,42" },
	"character_sonic_0xc5":  { "File": "character_sonic.bmp", "Rect": "236,680,32,40", "Center": "19,20" },
	"character_sonic_0xc6":  { "File": "character_sonic.bmp", "Rect": "292,680,32,40", "Center": "18,20" },
	"character_sonic_0xc7":  { "File": "character_sonic.bmp", "Rect": "348,680,32,40", "Center": "19,20" },
	"character_sonic_0xc8":  { "File": "character_sonic.bmp", "Rect": "739,444,40,65", "Center": "22,41" },
	"character_sonic_0xc9":  { "File": "character_sonic.bmp", "Rect": "570,715,40,64", "Center": "22,40" },
	"character_sonic_0xca":  { "File": "character_sonic.bmp", "Rect": "739,444,40,65", "Center": "22,41" },
	"character_sonic_0xcb":  { "File": "character_sonic.bmp", "Rect": "570,715,40,64", "Center": "22,40" },
	"character_sonic_0xcc":  { "File": "character_sonic.bmp", "Rect": "739,444,40,65", "Center": "22,41" },
	"character_sonic_0xcd":  { "File": "character_sonic.bmp", "Rect": "570,715,40,64", "Center": "22,40" },
	"character_sonic_0xce":  { "File": "character_sonic.bmp", "Rect": "739,444,40,65", "Center": "22,41" },
	"character_sonic_0xcf":  { "File": "character_sonic.bmp", "Rect": "570,715,40,64", "Center": "22,40" },
	"character_sonic_0xd0":  { "File": "character_sonic.bmp", "Rect": "342,569,48,41", "Center": "20,28" },
	"character_sonic_0xd1":  { "File": "character_sonic.bmp", "Rect": "342,569,48,41", "Center": "20,28" },
	"character_sonic_0xd2":  { "File": "character_sonic.bmp", "Rect": "53,722,47,53", "Center": "26,32" },
	"character_sonic_0xd3":  { "File": "character_sonic.bmp", "Rect": "115,732,45,49", "Center": "25,28" },
	"character_sonic_0xd4":  { "File": "character_sonic.bmp", "Rect": "180,725,36,59", "Center": "25,38" },
	"character_sonic_0xd5":  { "File": "character_sonic.bmp", "Rect": "236,713,34,67", "Center": "19,43" },
	"character_sonic_0xd6":  { "File": "character_sonic.bmp", "Rect": "236,713,34,67", "Center": "19,43" },
	"character_sonic_0xd7":  { "File": "character_sonic.bmp", "Rect": "342,569,48,41", "Center": "20,28" },
	"character_sonic_0xd8":  { "File": "character_sonic.bmp", "Rect": "342,569,48,41", "Center": "20,28" },
	"character_sonic_0xd9":  { "File": "character_sonic.bmp", "Rect": "454,726,53,50", "Center": "25,29" },
	"character_sonic_0xda":  { "File": "character_sonic.bmp", "Rect": "739,446,40,63", "Center": "22,39" },
	"character_sonic_0xdb":  { "File": "character_sonic.bmp", "Rect": "570,715,40,64", "Center": "22,40" },
	"character_sonic_0xdc":  { "File": "character_sonic.bmp", "Rect": "739,446,40,63", "Center": "22,39" },
	"character_sonic_0xdd":  { "File": "character_sonic.bmp", "Rect": "570,715,40,64", "Center": "22,40" },
	"character_sonic_0xde":  { "File": "character_sonic.bmp", "Rect": "739,446,40,63", "Center": "22,39" },
	"character_sonic_0xdf":  { "File": "character_sonic.bmp", "Rect": "570,715,40,64", "Center": "22,40" },
	"character_sonic_0xe0":  { "File": "character_sonic.bmp", "Rect": "739,446,40,63", "Center": "22,39" },
	"character_sonic_0xe1":  { "File": "character_sonic.bmp", "Rect": "570,715,40,64", "Center": "22,40" },
	"character_sonic_0xe2":  { "File": "character_sonic.bmp", "Rect": "62,778,42,63", "Center": "18,40" },
	"character_sonic_0xe3":  { "File": "character_sonic.bmp", "Rect": "119,781,42,64", "Center": "20,40" },
	"character_sonic_0xe4":  { "File": "character_sonic.bmp", "Rect": "72,437,25,68", "Center": "21,23" },
	"character_sonic_0xe5":  { "File": "character_sonic.bmp", "Rect": "347,777,40,69", "Center": "24,30" },
	"character_sonic_0xe6":  { "File": "character_sonic.bmp", "Rect": "347,777,40,69", "Center": "24,30" },
	"character_sonic_0xe7":  { "File": "character_sonic.bmp", "Rect": "347,777,40,69", "Center": "24,30" },
	"character_sonic_0xe8":  { "File": "character_sonic.bmp", "Rect": "404,779,37,60", "Center": "21,24" },
	"character_sonic_0xe9":  { "File": "character_sonic.bmp", "Rect": "404,779,37,60", "Center": "21,24" },
	"character_sonic_0xea":  { "File": "character_sonic.bmp", "Rect": "404,779,37,60", "Center": "21,24" },
	"character_sonic_0xeb":  { "File": "character_sonic.bmp", "Rect": "568,788,40,48", "Center": "20,24" },
	"character_sonic_0xec":  { "File": "character_sonic.bmp", "Rect": "620,792,48,40", "Center": "24,20" },
	"character_sonic_0xed":  { "File": "character_sonic.bmp", "Rect": "684,788,32,48", "Center": "16,24" },
	"character_sonic_0xee":  { "File": "character_sonic.bmp", "Rect": "732,792,48,40", "Center": "24,20" },
	"character_sonic_0xef":  { "File": "character_sonic.bmp", "Rect": "1,121,61,39", "Center": "34,27" },
	"character_sonic_0xf0":  { "File": "character_sonic.bmp", "Rect": "64,121,61,38", "Center": "33,26" },
	"character_sonic_0xf1":  { "File": "character_sonic.bmp", "Rect": "1,121,61,39", "Center": "34,27" },
	"character_sonic_0xf2":  { "File": "character_sonic.bmp", "Rect": "185,341,23,40", "Center": "12,20" },
	"character_sonic_0xf3":  { "File": "character_sonic.bmp", "Rect": "228,849,61,38", "Center": "29,26" },
	"character_sonic_0xf4":  { "File": "character_sonic.bmp", "Rect": "166,848,61,39", "Center": "27,27" },
	"character_sonic_0xf5":  { "File": "character_sonic.bmp", "Rect": "228,849,61,38", "Center": "29,26" },
	"character_sonic_0xf6":  { "File": "character_sonic.bmp", "Rect": "166,848,61,39", "Center": "27,27" },
	"character_sonic_0xf7":  { "File": "character_sonic.bmp", "Rect": "228,849,61,38", "Center": "29,26" },
	"character_sonic_0xf8":  { "File": "character_sonic.bmp", "Rect": "185,341,23,40", "Center": "12,20" },
	"character_sonic_0xf9":  { "File": "character_sonic.bmp", "Rect": "1,121,61,39", "Center": "34,27" },
	"character_sonic_0xfa":  { "File": "character_sonic.bmp", "Rect": "64,121,61,38", "Center": "33,26" },
	"sonic_dropdash_0":  { "File": "character_sonic.bmp", "Rect": "176,677,43,47", "Center": "17,33" },
	"sonic_dropdash_1":  { "File": "character_sonic.bmp", "Rect": "176,677,43,47", "Center": "17,33" },
	"character_sonic_snowboarding_0x01":  { "File": "character_sonic_snowboarding.bmp", "Rect": "0,31,52,60", "Center": "22,36" },
	"character_sonic_snowboarding_0x02":  { "File": "character_sonic_snowboarding.bmp", "Rect": "50,96,38,79", "Center": "19,33" },
	"character_sonic_snowboarding_0x03":  { "File": "character_sonic_snowboarding.bmp", "Rect": "85,31,57,60", "Center": "23,23" },
	"character_sonic_snowboarding_0x04":  { "File": "character_sonic_snowboarding.bmp", "Rect": "143,31,57,60", "Center": "21,22" },
	"character_sonic_snowboarding_0x05":  { "File": "character_sonic_snowboarding.bmp", "Rect": "201,31,57,60", "Center": "19,22" },
	"character_sonic_snowboarding_0x06":  { "File": "character_sonic_snowboarding.bmp", "Rect": "259,31,58,60", "Center": "28,17" },
	"character_sonic_snowboarding_0x07":  { "File": "character_sonic_snowboarding.bmp", "Rect": "317,31,56,60", "Center": "28,17" },
	"character_sonic_snowboarding_0x08":  { "File": "character_sonic_snowboarding.bmp", "Rect": "374,31,54,60", "Center": "28,17" },
	"character_sonic_snowboarding_0x09":  { "File": "character_sonic_snowboarding.bmp", "Rect": "429,31,63,60", "Center": "25,15" },
	"character_sonic_snowboarding_0x0a":  { "File": "character_sonic_snowboarding.bmp", "Rect": "494,31,66,60", "Center": "32,24" },
	"character_sonic_snowboarding_0x0b":  { "File": "character_sonic_snowboarding.bmp", "Rect": "563,31,60,60", "Center": "28,29" },
	"character_sonic_snowboarding_0x0c":  { "File": "character_sonic_snowboarding.bmp", "Rect": "628,31,63,60", "Center": "26,27" },
	"sonic_peelout_0":  { "File": "character_sonic.bmp", "Rect": "1,121,61,39", "Center": "34,27" },
	"sonic_peelout_1":  { "File": "character_sonic.bmp", "Rect": "64,121,61,38", "Center": "33,26" },
	"sonic_peelout_2":  { "File": "character_sonic.bmp", "Rect": "1,121,61,39", "Center": "34,27" },
	"sonic_peelout_3":  { "File": "character_sonic.bmp", "Rect": "64,121,61,38", "Center": "33,26" }
}