{
	"comp_character_sonic_0x01":  { "File": "comp_character_sonic.bmp", "Rect": "5,0,22,32", "Center": "10,19" },
	"comp_character_sonic_0x02":  { "File": "comp_character_sonic.bmp", "Rect": "37,0,24,30", "Center": "10,18" },
	"comp_character_sonic_0x03":  { "File": "comp_character_sonic.bmp", "Rect": "69,0,23,32", "Center": "10,18" },
	"comp_character_sonic_0x04":  { "File": "comp_character_sonic.bmp", "Rect": "100,0,24,32", "Center": "12,16" },
	"comp_character_sonic_0x05":  { "File": "comp_character_sonic.bmp", "Rect": "132,0,24,32", "Center": "12,16" },
	"comp_character_sonic_0x06":  { "File": "comp_character_sonic.bmp", "Rect": "164,0,24,32", "Center": "12,16" },
	"comp_character_sonic_0x07":  { "File": "comp_character_sonic.bmp", "Rect": "196,4,24,24", "Center": "12,12" },
	"comp_character_sonic_0x08":  { "File": "comp_character_sonic.bmp", "Rect": "228,4,24,24", "Center": "12,12" },
	"comp_character_sonic_0x09":  { "File": "comp_character_sonic.bmp", "Rect": "260,4,24,24", "Center": "12,12" },
	"comp_character_sonic_0x0a":  { "File": "comp_character_sonic.bmp", "Rect": "288,4,32,24", "Center": "16,12" },
	"comp_character_sonic_0x0b":  { "File": "comp_character_sonic.bmp", "Rect": "320,4,32,24", "Center": "16,12" },
	"comp_character_sonic_0x0c":  { "File": "comp_character_sonic.bmp", "Rect": "352,4,32,24", "Center": "16,12" },
	"comp_character_sonic_0x0d":  { "File": "comp_character_sonic.bmp", "Rect": "390,0,22,32", "Center": "11,20" },
	"comp_character_sonic_0x0e":  { "File": "comp_character_sonic.bmp", "Rect": "422,0,23,30", "Center": "10,18" },
	"comp_character_sonic_0x0f":  { "File": "comp_character_sonic.bmp", "Rect": "452,4,24,24", "Center": "12,12" },
	"comp_character_sonic_0x10":  { "File": "comp_character_sonic.bmp", "Rect": "484,4,24,24", "Center": "12,12" },
	"comp_character_sonic_0x11":  { "File": "comp_character_sonic.bmp", "Rect": "4,36,24,24", "Center": "12,12" },
	"comp_character_sonic_0x12":  { "File": "comp_character_sonic.bmp", "Rect": "36,36,24,24", "Center": "12,12" },
	"comp_character_sonic_0x13":  { "File": "comp_character_sonic.bmp", "Rect": "68,36,24,24", "Center": "12,12" },
	"comp_character_sonic_0x14":  { "File": "comp_character_sonic.bmp", "Rect": "100,36,24,24", "Center": "12,12" },
	"comp_character_sonic_0x15":  { "File": "comp_character_sonic.bmp", "Rect": "166,33,19,33", "Center": "10,20" },
	"comp_character_sonic_0x16":  { "File": "comp_character_sonic.bmp", "Rect": "166,33,19,33", "Center": "10,20" },
	"comp_character_sonic_0x17":  { "File": "comp_character_sonic.bmp", "Rect": "166,33,19,33", "Center": "10,20" },
	"comp_character_sonic_0x18":  { "File": "comp_character_sonic.bmp", "Rect": "230,31,19,33", "Center": "10,13" },
	"comp_character_sonic_0x19":  { "File": "comp_character_sonic.bmp", "Rect": "230,31,19,33", "Center": "10,13" },
	"comp_character_sonic_0x1a":  { "File": "comp_character_sonic.bmp", "Rect": "230,31,19,33", "Center": "10,13" },
	"comp_character_sonic_0x1b":  { "File": "comp_character_sonic.bmp", "Rect": "327,31,22,33", "Center": "9,21" },
	"comp_character_sonic_0x1c":  { "File": "comp_character_sonic.bmp", "Rect": "355,31,25,31", "Center": "13,19" },
	"comp_character_sonic_0x1d":  { "File": "comp_character_sonic.bmp", "Rect": "387,33,25,31", "Center": "13,19" },
	"comp_character_sonic_0x1e":  { "File": "comp_character_sonic.bmp", "Rect": "420,33,25,31", "Center": "13,19" },
	"comp_character_sonic_0x1f":  { "File": "comp_character_sonic.bmp", "Rect": "451,30,25,32", "Center": "13,19" },
	"comp_character_sonic_0x20":  { "File": "comp_character_sonic.bmp", "Rect": "483,32,25,32", "Center": "13,20" },
	"comp_character_sonic_0x21":  { "File": "comp_character_sonic.bmp", "Rect": "4,61,30,33", "Center": "16,20" },
	"comp_character_sonic_0x22":  { "File": "comp_character_sonic.bmp", "Rect": "36,62,26,30", "Center": "13,17" },
	"comp_character_sonic_0x23":  { "File": "comp_character_sonic.bmp", "Rect": "68,63,24,31", "Center": "11,18" },
	"comp_character_sonic_0x24":  { "File": "comp_character_sonic.bmp", "Rect": "68,63,24,31", "Center": "11,18" },
	"comp_character_sonic_0x25":  { "File": "comp_character_sonic.bmp", "Rect": "134,65,25,31", "Center": "15,19" },
	"comp_character_sonic_0x26":  { "File": "comp_character_sonic.bmp", "Rect": "134,65,25,31", "Center": "14,19" },
	"comp_character_sonic_0x27":  { "File": "comp_character_sonic.bmp", "Rect": "134,65,25,31", "Center": "15,19" },
	"comp_character_sonic_0x28":  { "File": "comp_character_sonic.bmp", "Rect": "228,68,24,24", "Center": "12,12" },
	"comp_character_sonic_0x29":  { "File": "comp_character_sonic.bmp", "Rect": "262,65,23,30", "Center": "10,18" },
	"comp_character_sonic_0x2a":  { "File": "comp_character_sonic.bmp", "Rect": "293,65,23,30", "Center": "13,12" },
	"comp_character_sonic_0x2b":  { "File": "comp_character_sonic.bmp", "Rect": "326,65,24,31", "Center": "11,18" }
}