{
	"character_supersonic_standing_0x00":  { "File": "character_supersonic.bmp", "Rect": "572,611,36,69", "Center": "20,48" },
	"character_supersonic_standing_0x01":  { "File": "character_supersonic.bmp", "Rect": "631,611,36,70", "Center": "20,49" },
	"character_supersonic_standing_0x02":  { "File": "character_supersonic.bmp", "Rect": "687,609,39,72", "Center": "23,51" },
	"character_supersonic_standing_0x03":  { "File": "character_supersonic.bmp", "Rect": "742,609,37,72", "Center": "21,50" }
}